,Pais_x,Poblacion,total_gdp_million,ECI,a√±o_x,Ecuador
0,Algeria,42705368.0,171767.4037,-1.0424591668,2019,0
1,Algeria,43451666.0,145009.1815,-1.2063896651,2020,0
2,Algeria,30774621.0,54790.39275,-1.0648020362,2000,0
3,Algeria,31200985.0,54744.71281,-0.8040640985,2001,0
4,Algeria,31624696.0,56760.35587,-0.9940741202,2002,0
5,Algeria,32055883.0,67863.82841,-0.9145421601,2003,0
6,Algeria,32510186.0,85332.58119,-1.0717649983,2004,0
7,Algeria,32956690.0,103198.2237,-0.9873999508,2005,0
8,Algeria,33435080.0,117027.3075,-1.011425404,2006,0
9,Algeria,33983827.0,134977.0826,-0.8761841125,2007,0
10,Algeria,39543154.0,165979.2793,-1.0489170453,2015,0
11,Algeria,35196037.0,137211.0358,-0.9742505897,2009,0
12,Algeria,34569592.0,171000.6999,-1.0507134248,2008,0
13,Algeria,41136546.0,170097.0146,-1.0347035957,2017,0
14,Algeria,40339329.0,160034.1639,-0.9964345611,2016,0
15,Algeria,38760168.0,213810.0249,-1.2218008192,2014,0
16,Algeria,41927007.0,174910.8786,-1.04892317,2018,0
17,Algeria,37260563.0,209058.992,-1.2270338067,2012,0
18,Algeria,36543541.0,200013.0522,-0.7314400407,2011,0
19,Algeria,35856344.0,161207.2702,-0.8580110985,2010,0
20,Algeria,38000626.0,209755.0033,-1.125058021,2013,0
21,Angola,20162340.0,52381.00689,-1.7120831222,2006,1
22,Angola,19450959.0,36970.9187,-1.5902183273,2005,1
23,Angola,18771125.0,23552.04725,-1.9428819764,2004,1
24,Angola,17516139.0,15285.59483,-2.3107294171,2002,1
25,Angola,32353588.0,69309.11015,-1.5935179322,2019,1
26,Angola,16394062.0,9129.594819,-2.1815987847,2000,1
27,Angola,33428486.0,53619.07351,-1.4236978391,2020,1
28,Angola,20909684.0,65266.45208,-1.7323747006,2007,1
29,Angola,16941587.0,8936.063723,-2.3184563068,2001,1
30,Angola,21691522.0,88538.61081,-1.9616512756,2008,1
31,Angola,18124342.0,17812.70483,-1.9947772413,2003,1
32,Angola,23364185.0,81699.52688,-1.738416327,2010,1
33,Angola,22507674.0,70307.16693,-1.8195824743,2009,1
34,Angola,31273533.0,77792.94447,-1.5133778973,2018,1
35,Angola,30208628.0,68972.7694,-1.5339774607,2017,1
36,Angola,28127721.0,87219.30038,-1.5254723053,2015,1
37,Angola,27128337.0,137244.4391,-1.5250306541,2014,1
38,Angola,29154746.0,49840.49118,-1.5270010826,2016,1
39,Angola,26147002.0,133401.5826,-1.5446263766,2013,1
40,Angola,25188292.0,124998.2107,-1.7104034516,2012,1
41,Angola,24259111.0,109436.5669,-1.747615728,2011,1
42,Argentina,43590368.0,557531.3762,0.2769236898,2016,0
43,Argentina,45376763.0,385540.2246,0.0679716618,2020,0
44,Argentina,44044811.0,643628.6653,0.2221056447,2017,0
45,Argentina,43131966.0,594749.2854,0.3991357817,2015,0
46,Argentina,42669500.0,526319.6737,0.4353780837,2014,0
47,Argentina,42202935.0,552025.1403,0.4239773354,2013,0
48,Argentina,41733271.0,545982.3757,0.3474077263,2012,0
49,Argentina,41261490.0,530163.2816,0.2949079065,2011,0
50,Argentina,40684338.0,332976.4846,0.3362555195,2009,0
51,Argentina,44494502.0,524819.7429,0.1437364822,2018,0
52,Argentina,40273769.0,361558.0371,0.3248377739,2008,0
53,Argentina,39476851.0,232557.2608,0.2781366407,2006,0
54,Argentina,39070501.0,198737.095,0.2653218028,2005,0
55,Argentina,38668796.0,164657.9305,0.2857984853,2004,0
56,Argentina,38278164.0,127586.9735,0.2869966984,2003,0
57,Argentina,37885028.0,97724.00425,0.3764341859,2002,0
58,Argentina,37480493.0,268696.75,0.4132925821,2001,0
59,Argentina,37070774.0,284203.75,0.3483301331,2000,0
60,Argentina,39876111.0,287530.5084,0.3290370017,2007,0
61,Argentina,44938712.0,447754.6092,0.1421988972,2019,0
62,Argentina,40788453.0,423627.4221,0.3306879596,2010,0
63,Australia,23128129.0,1576380.425,-0.0185825677,2013,1
64,Australia,23475686.0,1467545.213,-0.0563472152,2014,1
65,Australia,23815995.0,1350615.692,-0.0553649975,2015,1
66,Australia,24190907.0,1206535.158,-0.0322339224,2016,1
67,Australia,25649248.0,1326901.059,-0.3204629461,2020,1
68,Australia,24963258.0,1428288.505,-0.1929566196,2018,1
69,Australia,25334826.0,1392227.864,-0.2661855791,2019,1
70,Australia,22733465.0,1546892.143,-0.0603960586,2012,1
71,Australia,24592588.0,1326516.329,-0.1505977262,2017,1
72,Australia,22340024.0,1398405.797,-0.1994911939,2011,1
73,Australia,20176844.0,695328.522,0.16953527,2005,1
74,Australia,21691653.0,928626.8591,0.0343857439,2009,1
75,Australia,22031750.0,1148610.059,-0.0922260469,2010,1
76,Australia,19274701.0,379358.1625,0.4771683533,2001,1
77,Australia,19495210.0,395580.7869,0.4073530715,2002,1
78,Australia,19720737.0,467497.9616,0.3050195067,2003,1
79,Australia,19028802.0,415851.2843,0.53112031,2000,1
80,Australia,20450966.0,747906.5588,0.1190208868,2006,1
81,Australia,20827622.0,854427.2592,0.1541419281,2007,1
82,Australia,21249199.0,1055642.793,0.1062159772,2008,1
83,Australia,19932722.0,614326.3622,0.1865257944,2004,1
84,Austria,8391643.0,431685.2174,1.5533698681,2011,0
85,Austria,8879920.0,444621.1761,1.5536208436,2019,0
86,Austria,8840521.0,454991.1741,1.5180160793,2018,0
87,Austria,8797566.0,417261.1518,1.5525131881,2017,0
88,Austria,8736668.0,395837.353,1.5469239142,2016,0
89,Austria,8642699.0,381971.1485,1.5395203671,2015,0
90,Austria,8546356.0,442584.8153,1.5235081939,2014,0
91,Austria,8479823.0,430190.9797,1.5549939226,2013,0
92,Austria,8429991.0,409401.8161,1.5574146153,2012,0
93,Austria,8363404.0,392275.1073,1.5200398081,2010,0
94,Austria,8916864.0,435225.238,1.5401381453,2020,0
95,Austria,8321496.0,432051.9356,1.5268639204,2008,0
96,Austria,8011566.0,197289.6255,1.4628911112,2000,0
97,Austria,8042293.0,197508.7732,1.5220861703,2001,0
98,Austria,8081957.0,214394.8667,1.5570392717,2002,0
99,Austria,8121423.0,262273.6312,1.5438524162,2003,0
100,Austria,8343323.0,401758.7358,1.5405914039,2009,0
101,Austria,8227829.0,316092.2733,1.5455680309,2005,0
102,Austria,8268641.0,336280.0643,1.5616390763,2006,0
103,Austria,8295487.0,389185.5715,1.5391913084,2007,0
104,Austria,8171966.0,301457.562,1.5761701567,2004,0
105,Bangladesh,146706810.0,102477.7915,-1.1185405537,2009,1
106,Bangladesh,134139826.0,54724.08149,-1.5839600452,2002,1
107,Bangladesh,136503206.0,60158.92919,-1.5860948497,2003,1
108,Bangladesh,138789725.0,65108.54425,-1.5322340141,2004,1
109,Bangladesh,140912590.0,69442.94309,-1.4170528785,2005,1
110,Bangladesh,142628831.0,71819.08368,-1.3201535537,2006,1
111,Bangladesh,144135934.0,79611.88821,-1.1316597437,2007,1
112,Bangladesh,145421318.0,91631.27824,-1.0538460755,2008,1
113,Bangladesh,148391139.0,115279.0775,-1.2259456121,2010,1
114,Bangladesh,131670484.0,53991.28984,-1.5286349653,2001,1
115,Bangladesh,152090649.0,133355.7495,-1.3213578435,2012,1
116,Bangladesh,154030139.0,149990.451,-1.2913311415,2013,1
117,Bangladesh,155961299.0,172885.4549,-1.1637454706,2014,1
118,Bangladesh,159784568.0,265236.248,-1.4327913795,2016,1
119,Bangladesh,161793964.0,293754.6462,-1.3143736339,2017,1
120,Bangladesh,163683958.0,321379.0236,-1.214724152,2018,1
121,Bangladesh,165516222.0,351238.4742,-1.0871525187,2019,1
122,Bangladesh,167420951.0,373902.1347,-1.1403553759,2020,1
123,Bangladesh,150211005.0,128637.9387,-1.302313694,2011,1
124,Bangladesh,129193327.0,53369.78732,-1.4241070264,2000,1
125,Bangladesh,157830000.0,195078.6787,-1.3450533321,2015,1
126,Belarus,9443211.0,75527.98423,0.9264534903,2013,0
127,Belarus,9448515.0,78813.83998,0.9026560952,2014,0
128,Belarus,9438785.0,60031.26227,0.7730312885,2018,0
129,Belarus,9469379.0,47722.65782,0.7794642479,2016,0
130,Belarus,9458989.0,54726.59525,0.7640719041,2017,0
131,Belarus,9446836.0,65685.10255,0.8764550772,2012,0
132,Belarus,9461076.0,56454.7344,0.8923235704,2015,0
133,Belarus,9461643.0,61757.78894,0.8559328576,2011,0
134,Belarus,9604924.0,36954.31235,0.7892003993,2006,0
135,Belarus,9504583.0,50874.07805,0.8659973045,2009,0
136,Belarus,9527985.0,60763.48315,0.8279911384,2008,0
137,Belarus,9560953.0,45277.39981,0.8275902782,2007,0
138,Belarus,9663915.0,30207.56732,0.7258731451,2005,0
139,Belarus,9730146.0,23144.35185,0.7536504625,2004,0
140,Belarus,9796749.0,17827.79132,0.6324087083,2003,0
141,Belarus,9979610.0,12736.85683,0.5934411066,2000,0
142,Belarus,9483836.0,57222.49077,0.8645568352,2010,0
143,Belarus,9419758.0,64409.64719,0.7815317239,2019,0
144,Belarus,9928549.0,12354.82014,0.5800590813,2001,0
145,Belarus,9865548.0,14594.24902,0.5837457812,2002,0
146,Belarus,9379952.0,61371.12641,0.7800574765,2020,0
147,Belgium,10332785.0,258383.5994,1.3347510001,2002,0
148,Belgium,10376133.0,318082.5285,1.356500714,2003,0
149,Belgium,10421137.0,369214.7124,1.3431015144,2004,0
150,Belgium,10478617.0,385714.7622,1.3408786591,2005,0
151,Belgium,10547958.0,408259.8409,1.2798885821,2006,0
152,Belgium,10625700.0,470922.1563,1.2719585513,2007,0
153,Belgium,10709973.0,517328.0879,1.2736553979,2008,0
154,Belgium,10796493.0,483254.1711,1.2554240897,2009,0
155,Belgium,11488980.0,535830.8767,1.2980832417,2019,0
156,Belgium,11106932.0,496152.8799,1.4189235937,2012,0
157,Belgium,11159407.0,521791.0152,1.416231307,2013,0
158,Belgium,11209057.0,535390.2001,1.3516382363,2014,0
159,Belgium,11274196.0,462335.5748,1.391025555,2015,0
160,Belgium,11331422.0,476062.7574,1.3886598654,2016,0
161,Belgium,11375158.0,502764.7206,1.366778997,2017,0
162,Belgium,11427054.0,543299.067,1.3318928235,2018,0
163,Belgium,11038264.0,523330.3541,1.4027753013,2011,0
164,Belgium,10895586.0,481420.8829,1.3042774916,2010,0
165,Belgium,11538604.0,525211.8107,1.3415543243,2020,0
166,Belgium,10251250.0,236792.4603,1.2134704826,2000,0
167,Belgium,10286570.0,236746.1416,1.2753073567,2001,0
168,Brazil,175873720.0,655448.1882,0.5941702526,2000,1
169,Brazil,211782878.0,1873274.433,0.4499784978,2019,1
170,Brazil,210166592.0,1916947.014,0.5174110995,2018,1
171,Brazil,208504960.0,2063507.865,0.5235803859,2017,1
172,Brazil,206859578.0,1795700.169,0.5456733834,2016,1
173,Brazil,205188205.0,1802214.374,0.6714553872,2015,1
174,Brazil,203459650.0,2455993.625,0.6822098056,2014,1
175,Brazil,201721767.0,2472806.92,0.7328042228,2013,1
176,Brazil,199977707.0,2465188.674,0.7013525891,2012,1
177,Brazil,198185302.0,2616201.578,0.6968452016,2011,1
178,Brazil,213196304.0,1448559.976,0.4390391759,2020,1
179,Brazil,194517549.0,1667019.784,0.6582223932,2009,1
180,Brazil,196353492.0,2208871.646,0.6581968694,2010,1
181,Brazil,180476685.0,509788.815,0.6073510079,2002,1
182,Brazil,182629278.0,558229.2109,0.5763887158,2003,1
183,Brazil,184722043.0,669293.7722,0.6414176672,2004,1
184,Brazil,178211881.0,559991.2614,0.5698784326,2001,1
185,Brazil,188820682.0,1107640.29,0.6737060855,2006,1
186,Brazil,190779453.0,1397084.35,0.7522084737,2007,1
187,Brazil,192672317.0,1695824.566,0.7434378261,2008,1
188,Brazil,186797334.0,891630.1772,0.6646898067,2005,1
189,Bulgaria,8009142.0,14183.49796,0.1252259587,2001,0
190,Bulgaria,7775327.0,21144.9824,0.0698423832,2003,0
191,Bulgaria,7716860.0,26157.89283,0.1564790408,2004,0
192,Bulgaria,7658972.0,29869.28404,0.1317055781,2005,0
193,Bulgaria,7601022.0,34379.80889,0.1834065657,2006,0
194,Bulgaria,7545338.0,44432.81176,0.283731152,2007,0
195,Bulgaria,7492561.0,54481.37686,0.3600333116,2008,0
196,Bulgaria,7444443.0,52023.50537,0.3731423748,2009,0
197,Bulgaria,7395599.0,50682.06105,0.3419147104,2010,0
198,Bulgaria,7837161.0,16402.84641,0.1137184552,2002,0
199,Bulgaria,7348328.0,57678.24102,0.3734214216,2011,0
200,Bulgaria,7265115.0,55810.13844,0.4524985946,2013,0
201,Bulgaria,7223938.0,57082.01126,0.4661177071,2014,0
202,Bulgaria,7177991.0,50781.99671,0.4241697618,2015,0
203,Bulgaria,7127822.0,53953.89762,0.425946857,2016,0
204,Bulgaria,7075947.0,59199.44742,0.4487818266,2017,0
205,Bulgaria,7025037.0,66363.53712,0.4515884501,2018,0
206,Bulgaria,6975761.0,68915.87521,0.4867061698,2019,0
207,Bulgaria,6934015.0,70240.27501,0.5247009749,2020,0
208,Bulgaria,7305888.0,54300.85742,0.4089313109,2012,0
209,Bulgaria,8170172.0,13245.83431,0.1462976089,2000,0
210,Cameroon,21632850.0,33728.62282,-0.911587831,2013,1
211,Cameroon,22299585.0,36386.54692,-0.7780809809,2014,1
212,Cameroon,23012646.0,32210.23291,-0.7635775401,2015,1
213,Cameroon,25782341.0,39670.97733,-1.1335887083,2019,1
214,Cameroon,24393181.0,36098.55014,-0.9083878427,2017,1
215,Cameroon,25076747.0,39973.83906,-1.1166154053,2018,1
216,Cameroon,21032684.0,30155.06457,-1.0585485413,2012,1
217,Cameroon,23711630.0,33814.3379,-0.7321161335,2016,1
218,Cameroon,20448873.0,30630.91218,-1.0246474095,2011,1
219,Cameroon,17275171.0,19509.85084,-1.6412868234,2005,1
220,Cameroon,18777081.0,27715.14458,-1.0767883205,2008,1
221,Cameroon,18251866.0,23928.25133,-1.2657013652,2007,1
222,Cameroon,17751333.0,20910.51397,-1.8575819874,2006,1
223,Cameroon,16809407.0,18826.21528,-1.2184816609,2004,1
224,Cameroon,16354326.0,15970.31575,-1.3025186097,2003,1
225,Cameroon,15914033.0,12417.25182,-1.3719647346,2002,1
226,Cameroon,15493253.0,10953.48524,-1.7204803009,2001,1
227,Cameroon,15091594.0,10566.57895,-1.8756611552,2000,1
228,Cameroon,19878036.0,27507.49971,-1.1342974904,2010,1
229,Cameroon,26491087.0,40773.24153,-1.2340669347,2020,1
230,Cameroon,19319274.0,27932.97168,-1.0481410214,2009,1
231,Canada,33628895.0,1374625.142,0.9360131866,2009,0
232,Canada,37065084.0,1725329.193,0.9205349755,2018,0
233,Canada,36545236.0,1649265.644,0.9127440122,2017,0
234,Canada,36109487.0,1527994.742,0.9305659882,2016,0
235,Canada,35702908.0,1556508.816,0.9820310674,2015,0
236,Canada,35437435.0,1805749.878,0.9702872176,2014,0
237,Canada,35082954.0,1846597.422,0.9468597379,2013,0
238,Canada,34714222.0,1828366.482,0.9569038925,2012,0
239,Canada,34339328.0,1793326.63,0.9437276615,2011,0
240,Canada,34004889.0,1617343.367,0.9389533851,2010,0
241,Canada,33247118.0,1552989.691,0.8910246352,2008,0
242,Canada,32889025.0,1468820.408,0.9025492642,2007,0
243,Canada,32571174.0,1319264.81,0.9211558334,2006,0
244,Canada,32243753.0,1173108.599,1.0053626937,2005,0
245,Canada,31940655.0,1026690.238,1.034314815,2004,0
246,Canada,31644028.0,895540.6466,1.057598969,2003,0
247,Canada,31360079.0,760649.3341,1.0764269076,2002,0
248,Canada,31020902.0,738981.7924,1.0707846867,2001,0
249,Canada,30685730.0,744773.4159,1.0317428746,2000,0
250,Canada,37601230.0,1742015.045,0.9364213714,2019,0
251,Canada,38007166.0,1645423.408,0.9074886336,2020,0
252,Chile,17004162.0,217105.42,-0.2407894886,2010,0
253,Chile,17173573.0,251224.857,-0.192223882,2011,0
254,Chile,17341771.0,267175.8725,-0.0756468925,2012,0
255,Chile,18083879.0,249298.7197,-0.1450075769,2016,0
256,Chile,17687108.0,259405.202,6.08672e-05,2014,0
257,Chile,17870124.0,242496.6499,-0.090544514,2015,0
258,Chile,16833447.0,171412.642,-0.2446500781,2009,0
259,Chile,17509925.0,277239.4613,-0.0297077151,2013,0
260,Chile,16661462.0,179663.4032,-0.2580082588,2008,0
261,Chile,15859112.0,76507.57723,-0.1678175762,2003,0
262,Chile,16334575.0,153840.0518,-0.2340878861,2006,0
263,Chile,16175311.0,122314.9608,-0.2327010344,2005,0
264,Chile,16017966.0,99079.23017,-0.2424186646,2004,0
265,Chile,15693790.0,70294.8924,-0.0664163585,2002,0
266,Chile,15523978.0,71517.08004,0.0387318001,2001,0
267,Chile,15351799.0,78249.884,0.0666347164,2000,0
268,Chile,19039485.0,278584.7331,-0.2051565597,2019,0
269,Chile,19300315.0,252727.1937,-0.2220837783,2020,0
270,Chile,18701450.0,295402.652,-0.1534234389,2018,0
271,Chile,16495538.0,172565.8508,-0.2120826005,2007,0
272,Chile,18368577.0,276364.9337,-0.1980616608,2017,0
273,China,1262645000.0,1211346.87,-0.0853906216,2000,0
274,China,1411100000.0,14687673.89,0.9741412891,2020,0
275,China,1407745000.0,14279937.5,0.9746274242,2019,0
276,China,1402760000.0,13894817.55,0.9253919279,2018,0
277,China,1396215000.0,12310409.37,0.8862469629,2017,0
278,China,1387790000.0,11233276.54,0.8184816973,2016,0
279,China,1379860000.0,11061553.08,0.8528274712,2015,0
280,China,1363240000.0,9570406.236,0.8592337985,2013,0
281,China,1354190000.0,8532229.987,0.8175578211,2012,0
282,China,1345035000.0,7551500.124,0.7747264138,2011,0
283,China,1337705000.0,6087163.875,0.6984138339,2010,0
284,China,1371860000.0,10475682.92,0.8617005639,2014,0
285,China,1324655000.0,4594307.033,0.6794473619,2008,0
286,China,1331260000.0,5101703.073,0.6765049187,2009,0
287,China,1280400000.0,1470550.015,-0.0226672757,2002,0
288,China,1288400000.0,1660287.966,-0.0102433558,2003,0
289,China,1296075000.0,1955347.005,0.2017506789,2004,0
290,China,1271850000.0,1339395.719,-0.0311658339,2001,0
291,China,1311020000.0,2752131.773,0.398342471,2006,0
292,China,1317885000.0,3550342.737,0.5364970467,2007,0
293,China,1303720000.0,2285965.892,0.2321944565,2005,0
294,Colombia,43815313.0,242186.9498,-0.0231125629,2008,1
295,Colombia,39837875.0,98211.7496,0.0591102542,2001,1
296,Colombia,40454050.0,97963.0038,0.0688820791,2002,1
297,Colombia,41057687.0,94641.37869,-0.0309297473,2003,1
298,Colombia,41648268.0,117081.5223,-0.0528197461,2004,1
299,Colombia,42220940.0,145619.193,-0.1228981533,2005,1
300,Colombia,42772910.0,161618.5808,-0.0194243935,2006,1
301,Colombia,43306582.0,206181.8232,0.0197009567,2007,1
302,Colombia,44313917.0,232397.8354,-0.043151393,2009,1
303,Colombia,44816108.0,286563.0998,-0.043683775,2010,1
304,Colombia,45782417.0,370921.3179,0.0061976262,2012,1
305,Colombia,46237930.0,382116.1209,0.0786146279,2013,1
306,Colombia,46677947.0,381112.1105,0.1802939841,2014,1
307,Colombia,47119728.0,293481.7531,0.084812498,2015,1
308,Colombia,47625955.0,282825.0124,0.1117001802,2016,1
309,Colombia,48351671.0,311883.7304,0.1682853223,2017,1
310,Colombia,49276961.0,334198.2181,0.1814372096,2018,1
311,Colombia,50187406.0,323109.5403,0.1699364453,2019,1
312,Colombia,39215135.0,99886.57733,-0.019357215,2000,1
313,Colombia,45308899.0,334943.8774,0.010676004,2011,1
314,Colombia,50930662.0,270299.9849,0.1476448392,2020,1
315,Costa Rica,5123105.0,62158.00223,0.1866697152,2020,1
316,Costa Rica,3979193.0,15013.62966,-0.0720367246,2000,1
317,Costa Rica,5040734.0,62420.1651,0.1894983732,2018,1
318,Costa Rica,4993842.0,60516.04359,0.2111715281,2017,1
319,Costa Rica,4945205.0,58847.01604,0.2121213616,2016,1
320,Costa Rica,4895242.0,56441.91765,0.2964660465,2015,1
321,Costa Rica,4844288.0,52016.40895,0.252253966,2014,1
322,Costa Rica,4791535.0,50949.67221,0.1192056674,2013,1
323,Costa Rica,4736593.0,47231.65186,-0.010992142,2012,1
324,Costa Rica,4679926.0,42762.61708,-0.0406693499,2011,1
325,Costa Rica,5084532.0,64417.67008,0.2300650607,2019,1
326,Costa Rica,4622252.0,37658.6148,-0.0522981687,2010,1
327,Costa Rica,4563127.0,30745.71201,0.0849154682,2009,1
328,Costa Rica,4501921.0,30801.74488,0.1262465142,2008,1
329,Costa Rica,4440019.0,26884.70035,0.1927494387,2007,1
330,Costa Rica,4378172.0,22715.54032,0.0530073364,2006,1
331,Costa Rica,4315887.0,20040.64248,-0.0215693447,2005,1
332,Costa Rica,4252800.0,18610.59485,-0.004214944,2004,1
333,Costa Rica,4188610.0,17271.76051,0.0367974208,2003,1
334,Costa Rica,4122623.0,16578.82069,0.0001304893,2002,1
335,Costa Rica,4053222.0,15976.17434,0.0415924017,2001,1
336,Croatia,4299642.0,23259.56778,0.3626229531,2001,0
337,Croatia,4468302.0,21807.85615,0.3681238969,2000,0
338,Croatia,4065253.0,62327.98358,0.7503051288,2019,0
339,Croatia,4087843.0,62316.84075,0.7070991983,2018,0
340,Croatia,4124531.0,56323.83617,0.7009815287,2017,0
341,Croatia,4174349.0,52397.49469,0.7082078467,2016,0
342,Croatia,4203604.0,50242.78307,0.6776450173,2015,0
343,Croatia,4238389.0,58423.98144,0.7512995468,2014,0
344,Croatia,4255689.0,59032.06609,0.7389494351,2013,0
345,Croatia,4267558.0,57369.3593,0.7023493744,2012,0
346,Croatia,4280622.0,63408.29494,0.6354613352,2011,0
347,Croatia,4295427.0,60672.09386,0.6451497679,2010,0
348,Croatia,4305181.0,63324.39463,0.6269674368,2009,0
349,Croatia,4309705.0,70943.30008,0.6218197255,2008,0
350,Croatia,4310217.0,60641.94298,0.5681136741,2007,0
351,Croatia,4311159.0,50915.01629,0.4879689055,2006,0
352,Croatia,4310145.0,45835.09819,0.4295337232,2005,0
353,Croatia,4304600.0,42013.4593,0.407682448,2004,0
354,Croatia,4303399.0,35022.90339,0.3575016964,2003,0
355,Croatia,4302174.0,27085.26228,0.3276215776,2002,0
356,Croatia,4047680.0,57472.01243,0.7428212073,2020,0
357,Denmark,5523095.0,321241.3037,1.042884858,2009,0
358,Denmark,5375931.0,178635.1637,1.1568990799,2002,0
359,Denmark,5390574.0,218096.0335,1.1569302728,2003,0
360,Denmark,5404523.0,251373.003,1.1544270589,2004,0
361,Denmark,5419432.0,264467.3365,1.098806246,2005,0
362,Denmark,5437272.0,282884.9477,1.0328481939,2006,0
363,Denmark,5461438.0,319423.4245,1.0202845379,2007,0
364,Denmark,5493621.0,353361.0388,1.0462732217,2008,0
365,Denmark,5547683.0,321995.2794,1.0368962317,2010,0
366,Denmark,5358783.0,164791.4425,1.1578072341,2001,0
367,Denmark,5591572.0,327148.9438,1.0524759189,2012,0
368,Denmark,5614932.0,343584.3916,1.0489208739,2013,0
369,Denmark,5643475.0,352993.6316,1.0255555143,2014,0
370,Denmark,5683483.0,302673.0708,1.0310946715,2015,0
371,Denmark,5728010.0,313115.9293,1.0185717567,2016,0
372,Denmark,5764980.0,332121.0638,1.0039882165,2017,0
373,Denmark,5793636.0,356841.2164,0.9723751738,2018,0
374,Denmark,5814422.0,346498.738,0.9834257636,2019,0
375,Denmark,5570572.0,344003.1376,1.0371291894,2011,0
376,Denmark,5339616.0,164158.7391,1.1908134085,2000,0
377,Denmark,5831404.0,355222.4495,0.9759024257,2020,0
378,Dominican Republic,8669040.0,25601.7654,-0.586336923,2001,1
379,Dominican Republic,8795101.0,27137.50866,-0.5874184112,2002,1
380,Dominican Republic,10999664.0,78844.70233,-0.1459111716,2020,1
381,Dominican Republic,8919852.0,21403.16785,-0.5460358371,2003,1
382,Dominican Republic,9043127.0,22322.39537,-0.4828564575,2004,1
383,Dominican Republic,9164768.0,35777.57014,-0.5331092633,2005,1
384,Dominican Republic,9284168.0,37879.8699,-0.4485405315,2006,1
385,Dominican Republic,8540791.0,24305.71754,-0.6121420919,2000,1
386,Dominican Republic,9522948.0,48122.54718,-0.2570625122,2008,1
387,Dominican Republic,9648061.0,48261.0333,-0.2336330901,2009,1
388,Dominican Republic,9775755.0,53860.17556,-0.2374041969,2010,1
389,Dominican Republic,9903737.0,58029.75075,-0.1891493449,2011,1
390,Dominican Republic,9402206.0,43965.42007,-0.3402711313,2007,1
391,Dominican Republic,10157051.0,62682.16384,-0.2448807852,2013,1
392,Dominican Republic,10282115.0,67179.91403,-0.1839838,2014,1
393,Dominican Republic,10405832.0,71164.82526,-0.2196162771,2015,1
394,Dominican Republic,10527592.0,75704.72019,-0.2665907118,2016,1
395,Dominican Republic,10647244.0,79997.97562,-0.2164991268,2017,1
396,Dominican Republic,10765531.0,85555.37804,-0.2255355979,2018,1
397,Dominican Republic,10881882.0,88941.29973,-0.1167595195,2019,1
398,Dominican Republic,10030882.0,60681.5372,-0.277446527,2012,1
399,Ecuador,15483883.0,87924.544,-0.582949129,2012,1
400,Ecuador,15722989.0,95129.659,-0.6320514431,2013,1
401,Ecuador,15957994.0,101726.331,-0.6169353785,2014,1
402,Ecuador,16195902.0,99290.381,-0.7707966391,2015,1
403,Ecuador,17343740.0,108108.009,-0.9126744618,2019,1
404,Ecuador,16696944.0,104295.862,-0.9443635852,2017,1
405,Ecuador,17015672.0,107562.008,-0.8304268176,2018,1
406,Ecuador,15237728.0,79276.664,-0.6831628031,2011,1
407,Ecuador,16439585.0,99937.696,-0.9996336175,2016,1
408,Ecuador,14989585.0,69555.367,-0.808797782,2010,1
409,Ecuador,17588595.0,99291.124,-0.9819097494,2020,1
410,Ecuador,14496797.0,61762.635,-0.8068015759,2008,1
411,Ecuador,12626507.0,18327.76488,-0.7570650416,2000,1
412,Ecuador,12845521.0,24468.324,-0.7656431909,2001,1
413,Ecuador,13070609.0,28548.945,-0.8969332768,2002,1
414,Ecuador,13301184.0,32432.858,-0.9470492569,2003,1
415,Ecuador,14742766.0,62519.686,-0.9396419545,2009,1
416,Ecuador,13770012.0,41507.085,-0.9887083224,2005,1
417,Ecuador,14009061.0,46802.044,-0.8991520454,2006,1
418,Ecuador,14251835.0,51007.777,-0.6775804267,2007,1
419,Ecuador,13534593.0,36591.661,-1.0027753933,2004,1
420,El Salvador,6292731.0,24563.02,-0.1491689851,2020,1
421,El Salvador,6209526.0,22593.47,-0.1924099357,2014,1
422,El Salvador,6280217.0,26881.14,-0.0590481564,2019,1
423,El Salvador,6276342.0,26020.85,-0.1078713131,2018,1
424,El Salvador,6266654.0,24979.19,-0.0857152128,2017,1
425,El Salvador,6250510.0,24191.43,-0.2582539233,2016,1
426,El Salvador,6231066.0,23438.24,-0.2295335587,2015,1
427,El Salvador,6185642.0,21990.96,-0.2542257212,2013,1
428,El Salvador,6035655.0,13724.8109,-0.4433232664,2004,1
429,El Salvador,6137349.0,20283.78,-0.3493180494,2011,1
430,El Salvador,6114034.0,18447.92,-0.3696930642,2010,1
431,El Salvador,6091188.0,17601.62,-0.3351898872,2009,1
432,El Salvador,6068099.0,17986.89,-0.2869299603,2008,1
433,El Salvador,6044131.0,17011.75,-0.2958333964,2007,1
434,El Salvador,6034436.0,15999.89,-0.405903244,2006,1
435,El Salvador,6037817.0,14698.0,-0.4433944971,2005,1
436,El Salvador,5988095.0,12282.5336,-0.3685219765,2001,1
437,El Salvador,6161289.0,21386.15,-0.3456865235,2012,1
438,El Salvador,5958482.0,11784.9277,-0.2816644662,2000,1
439,El Salvador,6011275.0,12664.1903,-0.4228082528,2002,1
440,El Salvador,6026849.0,13243.8922,-0.5165772323,2003,1
441,Finland,5213014.0,171652.4583,1.6784205876,2003,0
442,Finland,5228172.0,197479.444,1.7301143909,2004,0
443,Finland,5200598.0,140404.4602,1.6717105079,2002,0
444,Finland,5288720.0,256378.0678,1.6269186682,2007,0
445,Finland,5176209.0,126019.5434,1.586676964,2000,0
446,Finland,5246096.0,204885.4947,1.7488422439,2005,0
447,Finland,5529543.0,271891.7884,1.4842227595,2020,0
448,Finland,5188008.0,129533.1073,1.6560223708,2001,0
449,Finland,5266268.0,217089.2698,1.6954983364,2006,0
450,Finland,5521606.0,268514.917,1.4653696903,2019,0
451,Finland,5508214.0,255647.9799,1.4830269873,2017,0
452,Finland,5313399.0,285716.3111,1.584419689,2008,0
453,Finland,5495303.0,240771.3513,1.5047967448,2016,0
454,Finland,5479531.0,234534.3824,1.5399406997,2015,0
455,Finland,5461512.0,274862.8268,1.545147895,2014,0
456,Finland,5515525.0,275708.0018,1.4733954649,2018,0
457,Finland,5413971.0,258290.0602,1.5612930428,2012,0
458,Finland,5388272.0,275604.3562,1.6114378623,2011,0
459,Finland,5363352.0,249424.3108,1.6019167945,2010,0
460,Finland,5338871.0,253497.5208,1.6536907015,2009,0
461,Finland,5438972.0,271362.4059,1.5744209537,2013,0
462,France,65345233.0,2865157.542,1.4492876148,2011,0
463,France,67158348.0,2790956.879,1.3705063124,2018,0
464,France,66918020.0,2595151.045,1.3871477131,2017,0
465,France,66724104.0,2472964.345,1.3951013068,2016,0
466,France,66548272.0,2439188.643,1.3956957014,2015,0
467,France,66312067.0,2855964.489,1.3827872126,2014,0
468,France,66002289.0,2811876.903,1.4491659012,2013,0
469,France,65662240.0,2683671.717,1.456942742,2012,0
470,France,67571107.0,2639008.702,1.35268049,2020,0
471,France,63188395.0,2196945.232,1.4741683894,2005,0
472,France,64710879.0,2700887.367,1.407981479,2009,0
473,France,64379696.0,2930303.781,1.3884052465,2008,0
474,France,64021737.0,2660591.246,1.3675666749,2007,0
475,France,63628261.0,2320536.221,1.4021893432,2006,0
476,France,62716306.0,2119633.182,1.5147387334,2004,0
477,France,62256970.0,1844544.792,1.5143679088,2003,0
478,France,61816234.0,1501409.383,1.4617341745,2002,0
479,France,61367388.0,1377657.339,1.4408718307,2001,0
480,France,60921384.0,1365639.661,1.3777824398,2000,0
481,France,65030575.0,2645187.882,1.4170777319,2010,0
482,France,67388001.0,2728870.247,1.3520712569,2019,0
483,Gabon,1272935.0,5080.483464,-1.0697834957,2000,1
484,Gabon,2292573.0,15314.57717,-1.375684621,2020,1
485,Gabon,2242785.0,16874.40546,-1.5061920435,2019,1
486,Gabon,1458353.0,9582.783318,-1.7094665709,2005,1
487,Gabon,1306590.0,5023.265365,-1.3787322103,2001,1
488,Gabon,1341696.0,5335.451308,-1.612419542,2002,1
489,Gabon,1378398.0,6511.903657,-1.4917294767,2003,1
490,Gabon,1417110.0,7770.21948,-1.5966648028,2004,1
491,Gabon,1502534.0,10327.5988,-1.7004945737,2006,1
492,Gabon,1549774.0,12455.41006,-2.0425206939,2007,1
493,Gabon,1599978.0,15571.34978,-1.7053380324,2008,1
494,Gabon,1711105.0,14372.59192,-1.8769264258,2010,1
495,Gabon,1653542.0,12113.69966,-1.9460204264,2009,1
496,Gabon,1836705.0,17170.46529,-1.7332176626,2012,1
497,Gabon,1902226.0,17595.74565,-1.7856735156,2013,1
498,Gabon,1966855.0,18203.968,-1.8347719064,2014,1
499,Gabon,2028517.0,14383.10771,-1.3465585628,2015,1
500,Gabon,2086206.0,14023.89062,-1.9024536953,2016,1
501,Gabon,2140215.0,14929.48877,-1.7088499216,2017,1
502,Gabon,2192012.0,16867.32639,-1.5231355982,2018,1
503,Gabon,1772500.0,18210.30875,-1.9756330735,2011,1
504,Germany,82211508.0,1947981.991,1.7475841271,2000,0
505,Germany,83160871.0,3889668.895,1.8848835659,2020,0
506,Germany,83092962.0,3888226.036,1.8890738864,2019,0
507,Germany,82905782.0,3974443.355,1.8857450754,2018,0
508,Germany,82657002.0,3690849.153,1.9062713714,2017,0
509,Germany,82348669.0,3469853.464,1.9151969744,2016,0
510,Germany,81686611.0,3357585.719,1.8851580371,2015,0
511,Germany,80982500.0,3889093.051,1.8334994013,2014,0
512,Germany,80425823.0,3527143.189,1.9127686504,2012,0
513,Germany,80274983.0,3749314.991,1.8996395996,2011,0
514,Germany,80645605.0,3733804.65,1.8990780659,2013,0
515,Germany,81902307.0,3411261.213,1.8832228064,2009,0
516,Germany,81776930.0,3399667.82,1.8539387409,2010,0
517,Germany,82488495.0,2078484.517,1.8927571288,2002,0
518,Germany,82534176.0,2501640.388,1.9278631785,2003,0
519,Germany,82516260.0,2814353.869,1.9783918077,2004,0
520,Germany,82349925.0,1945790.974,1.8318876413,2001,0
521,Germany,82376451.0,2994703.642,1.8862197642,2006,0
522,Germany,82266372.0,3425578.383,1.8157962237,2007,0
523,Germany,82110097.0,3745264.094,1.8512692438,2008,0
524,Germany,82469422.0,2846864.211,1.9533764061,2005,0
525,Ghana,26858762.0,41270.95474,-1.0035980761,2012,1
526,Ghana,22496951.0,10744.67521,-1.1508040714,2005,1
527,Ghana,23098586.0,20440.89302,-1.3566904169,2006,1
528,Ghana,23708320.0,24827.84495,-1.1759129336,2007,1
529,Ghana,24326087.0,28678.70189,-1.1037450045,2008,1
530,Ghana,24950762.0,26048.10819,-1.2881736178,2009,1
531,Ghana,21906444.0,8881.368538,-1.2358824652,2004,1
532,Ghana,25574719.0,32197.2728,-1.2051176907,2010,1
533,Ghana,26205941.0,39337.31481,-1.0362321749,2011,1
534,Ghana,27525597.0,62823.04371,-0.9257245263,2013,1
535,Ghana,30870641.0,67299.28068,-1.3035165199,2018,1
536,Ghana,28870939.0,49406.56843,-0.9028559896,2015,1
537,Ghana,29554303.0,56165.1729,-0.9793795625,2016,1
538,Ghana,30222262.0,60406.3829,-1.0767757652,2017,1
539,Ghana,31522290.0,68337.53782,-1.3198422093,2019,1
540,Ghana,32180401.0,70043.19981,-1.2923209536,2020,1
541,Ghana,20195577.0,5314.909954,-1.2324287572,2001,1
542,Ghana,19665502.0,4983.024408,-1.3545311222,2000,1
543,Ghana,21329514.0,7632.406553,-1.3484383309,2003,1
544,Ghana,28196358.0,54782.84775,-0.9609362652,2014,1
545,Ghana,20758326.0,6166.330136,-1.4232662769,2002,1
546,Greece,10928070.0,202370.1402,0.2351321934,2003,0
547,Greece,10698599.0,188925.9959,0.2555522905,2020,0
548,Greece,10721582.0,205257.0149,0.2602642827,2019,0
549,Greece,10732882.0,212049.4472,0.2749501184,2018,0
550,Greece,10754679.0,199844.406,0.3335793562,2017,0
551,Greece,10820883.0,195683.527,0.2598704094,2015,0
552,Greece,10892413.0,235458.1331,0.301397937,2014,0
553,Greece,10965211.0,238907.6901,0.2546642777,2013,0
554,Greece,11045011.0,242029.3071,0.2097449879,2012,0
555,Greece,11104899.0,282995.942,0.2183758655,2011,0
556,Greece,11121341.0,297124.962,0.2242674625,2010,0
557,Greece,11107017.0,331308.5003,0.2252247255,2009,0
558,Greece,11077841.0,355908.6895,0.2403856977,2008,0
559,Greece,11048473.0,318902.8296,0.2724003443,2007,0
560,Greece,11020362.0,273546.7285,0.212064617,2006,0
561,Greece,10862132.0,136309.2952,0.2513509632,2001,0
562,Greece,10987314.0,247875.4222,0.224304354,2005,0
563,Greece,10955141.0,240963.5622,0.2415438156,2004,0
564,Greece,10902022.0,154564.2036,0.2406295441,2002,0
565,Greece,10775971.0,193148.1466,0.2595037462,2016,0
566,Greece,10805808.0,130457.7566,0.2387670869,2000,0
567,Guatemala,14781942.0,49593.96114,-0.48973543,2012,1
568,Guatemala,15043981.0,52996.5407,-0.4650159332,2013,1
569,Guatemala,15306316.0,57852.39996,-0.3493233881,2014,1
570,Guatemala,15567419.0,62186.18658,-0.3659256934,2015,1
571,Guatemala,16604026.0,77170.42117,-0.3223788475,2019,1
572,Guatemala,16087418.0,71654.13438,-0.3249777103,2017,1
573,Guatemala,16346950.0,73328.02454,-0.3615947777,2018,1
574,Guatemala,16858333.0,77625.48698,-0.3842955146,2020,1
575,Guatemala,15827690.0,66053.72505,-0.4104057027,2016,1
576,Guatemala,14521515.0,46876.11465,-0.5156192671,2011,1
577,Guatemala,14000190.0,37125.94356,-0.4665474382,2009,1
578,Guatemala,13739299.0,38503.86283,-0.3400796351,2008,1
579,Guatemala,14259687.0,40676.43203,-0.5395987659,2010,1
580,Guatemala,11871565.0,18405.20385,-0.4620057312,2001,1
581,Guatemala,12147518.0,20444.20599,-0.4358552021,2002,1
582,Guatemala,12415334.0,21576.3518,-0.3870051248,2003,1
583,Guatemala,11589761.0,19288.82716,-0.3434467735,2000,1
584,Guatemala,12948292.0,26783.54367,-0.4529408597,2005,1
585,Guatemala,13213330.0,29744.36811,-0.4425455908,2006,1
586,Guatemala,13477017.0,33567.86832,-0.3517857916,2007,1
587,Guatemala,12682108.0,23577.28623,-0.3535443933,2004,1
588,Honduras,9958829.0,25089.97695,-0.548188147,2019,1
589,Honduras,10121763.0,23827.84081,-0.5992570155,2020,1
590,Honduras,6656725.0,7186.650135,-0.8051759427,2000,1
591,Honduras,6837861.0,7651.174661,-0.9324269437,2001,1
592,Honduras,7019908.0,7858.235333,-1.036602945,2002,1
593,Honduras,7201881.0,8230.387552,-1.0422028375,2003,1
594,Honduras,7564613.0,9757.034457,-0.9617553467,2005,1
595,Honduras,7745200.0,10917.48169,-0.926290065,2006,1
596,Honduras,7924462.0,12361.25768,-0.71748341,2007,1
597,Honduras,8101777.0,13881.70103,-0.6797641422,2008,1
598,Honduras,7383407.0,8869.311411,-0.8991594169,2004,1
599,Honduras,8450933.0,15839.34459,-0.7700697326,2010,1
600,Honduras,8277302.0,14587.49623,-0.7468578807,2009,1
601,Honduras,9626842.0,23136.23223,-0.6084966074,2017,1
602,Honduras,9460798.0,21717.62207,-0.5838503929,2016,1
603,Honduras,9294505.0,20979.76779,-0.5942952279,2015,1
604,Honduras,9792850.0,24067.77895,-0.5240510114,2018,1
605,Honduras,8960657.0,18499.71013,-0.6393450443,2013,1
606,Honduras,8792367.0,18528.6019,-0.7327542235,2012,1
607,Honduras,8622504.0,17710.31501,-0.8078382113,2011,1
608,Honduras,9127846.0,19756.49443,-0.5429272882,2014,1
609,Hungary,9750149.0,157182.0453,1.4125583725,2020,0
610,Hungary,9771141.0,163988.5949,1.4140521861,2019,0
611,Hungary,9775564.0,160564.629,1.4277575496,2018,0
612,Hungary,9787966.0,143112.196,1.4217725971,2017,0
613,Hungary,9814023.0,128609.8228,1.428204257,2016,0
614,Hungary,9843028.0,125174.167,1.4004818984,2015,0
615,Hungary,9866468.0,141033.8433,1.3972734253,2014,0
616,Hungary,9893082.0,135684.3157,1.3773042292,2013,0
617,Hungary,9920362.0,128814.2793,1.3767892201,2012,0
618,Hungary,9971727.0,141942.2646,1.3911456111,2011,0
619,Hungary,10000023.0,132175.35,1.2923520506,2010,0
620,Hungary,10022650.0,131069.2556,1.3013996928,2009,0
621,Hungary,10187576.0,53749.98909,0.8013299103,2001,0
622,Hungary,10158608.0,67608.91914,0.8539542689,2002,0
623,Hungary,10129552.0,85285.06282,0.9340911078,2003,0
624,Hungary,10107146.0,104120.8203,1.0110441487,2004,0
625,Hungary,10210971.0,47218.40589,0.7106036373,2000,0
626,Hungary,10071370.0,115715.6186,1.1287019717,2006,0
627,Hungary,10055780.0,140186.7167,1.1794638179,2007,0
628,Hungary,10038188.0,158325.6146,1.2594751605,2008,0
629,Hungary,10087065.0,113211.1583,1.0144362742,2005,0
630,India,1154638713.0,820381.5955,0.203120229,2005,1
631,India,1098313039.0,514937.9489,0.0608468748,2002,1
632,India,1396387127.0,2667687.952,0.5613776815,2020,1
633,India,1383112050.0,2831552.223,0.5207108128,2019,1
634,India,1369003306.0,2702929.719,0.4785099447,2018,1
635,India,1354195680.0,2651472.946,0.4765745783,2017,1
636,India,1338636340.0,2294797.981,0.4095581091,2016,1
637,India,1322866505.0,2103587.814,0.4051464247,2015,1
638,India,1307246509.0,2039127.446,0.3542838703,2014,1
639,India,1291132063.0,1856722.121,0.3563549012,2013,1
640,India,1274487215.0,1827637.86,0.3406602668,2012,1
641,India,1257621191.0,1823049.928,0.2877849748,2011,1
642,India,1240613620.0,1675615.336,0.2801124919,2010,1
643,India,1223640160.0,1341886.603,0.3014106035,2009,1
644,India,1206734806.0,1198895.582,0.3089999101,2008,1
645,India,1189691809.0,1216735.442,0.2785084196,2007,1
646,India,1172373788.0,940259.8888,0.2220619307,2006,1
647,India,1136264583.0,709148.5148,0.1535388188,2004,1
648,India,1117415123.0,607699.2854,0.0901316775,2003,1
649,India,1078970907.0,485441.0145,0.0700008122,2001,1
650,India,1059633675.0,468394.9373,-0.016879664,2000,1
651,Indonesia,271857970.0,1058688.935,-0.0742926089,2020,1
652,Indonesia,269582878.0,1119099.868,-0.0613400683,2019,1
653,Indonesia,217112437.0,160446.9478,-0.4840449636,2001,1
654,Indonesia,220115092.0,195660.6112,-0.4855925729,2002,1
655,Indonesia,223080121.0,234772.4638,-0.4824629516,2003,1
656,Indonesia,225938595.0,256836.8753,-0.3770009528,2004,1
657,Indonesia,228805144.0,285868.6182,-0.3839859958,2005,1
658,Indonesia,231797427.0,364570.5143,-0.313466137,2006,1
659,Indonesia,234858289.0,432216.7378,-0.1722304538,2007,1
660,Indonesia,237936543.0,510228.635,-0.1599681245,2008,1
661,Indonesia,240981299.0,539580.0856,-0.2060280013,2009,1
662,Indonesia,214072421.0,165021.0121,-0.5512495454,2000,1
663,Indonesia,247099697.0,892969.1079,-0.3165209725,2011,1
664,Indonesia,250222695.0,917869.9101,-0.3319288469,2012,1
665,Indonesia,253275918.0,912524.1367,-0.2876798468,2013,1
666,Indonesia,256229761.0,890814.7552,-0.2141095748,2014,1
667,Indonesia,259091970.0,860854.2351,-0.2074267886,2015,1
668,Indonesia,261850182.0,931877.3642,-0.1677258647,2016,1
669,Indonesia,264498852.0,1015618.743,-0.1588381229,2017,1
670,Indonesia,267066843.0,1042271.531,-0.1290468209,2018,1
671,Indonesia,244016173.0,755094.1604,-0.2938099367,2010,1
672,Iraq,25425663.0,36176.43013,-1.2751517791,2001,0
673,Iraq,41563520.0,233636.0978,-0.5465513059,2019,0
674,Iraq,40590700.0,227367.469,-0.822608865,2018,0
675,Iraq,39621162.0,187217.6601,-0.9304771116,2017,0
676,Iraq,38697943.0,166602.4887,-0.8026126019,2016,0
677,Iraq,36746488.0,228415.6562,-1.3009260626,2014,0
678,Iraq,35481800.0,234637.6751,-1.2660958068,2013,0
679,Iraq,33864447.0,218002.4817,-1.5747241255,2012,0
680,Iraq,24628858.0,48364.25094,-2.6044995692,2000,0
681,Iraq,32378061.0,185749.6644,-1.7079969181,2011,0
682,Iraq,42556984.0,184369.7973,-0.6714420934,2020,0
683,Iraq,29218381.0,131614.4337,-1.668672832,2008,0
684,Iraq,28660887.0,88837.0552,-1.6896212692,2007,0
685,Iraq,28905607.0,65140.1472,-1.280616664,2006,0
686,Iraq,28698684.0,49954.89035,-0.9076647401,2005,0
687,Iraq,27858948.0,36627.90176,-0.9527599597,2004,0
688,Iraq,27068823.0,21921.56948,-0.2724400949,2003,0
689,Iraq,26255343.0,32928.45467,-1.3343131809,2002,0
690,Iraq,31264875.0,138516.7226,-1.6450876889,2010,0
691,Iraq,30289040.0,111657.5817,-1.6818416866,2009,0
692,Iraq,37757813.0,166774.1097,-0.5708900735,2015,0
693,Ireland,4934340.0,399321.7016,1.2674709258,2019,0
694,Ireland,4985382.0,425852.2819,1.3087241203,2020,0
695,Ireland,3805174.0,100207.6104,1.4426326335,2000,0
696,Ireland,3866243.0,109346.6692,1.5350507909,2001,0
697,Ireland,3931947.0,128596.0353,1.6295604674,2002,0
698,Ireland,3996521.0,164670.7713,1.6597031184,2003,0
699,Ireland,4159914.0,211876.9897,1.646685351,2005,0
700,Ireland,4273591.0,232180.6172,1.4755816832,2006,0
701,Ireland,4398942.0,270079.2794,1.4004131191,2007,0
702,Ireland,4489544.0,275447.4715,1.3256713187,2008,0
703,Ireland,4070262.0,194372.115,1.6330564364,2004,0
704,Ireland,4560155.0,221913.5609,1.3586658541,2010,0
705,Ireland,4535375.0,236443.1159,1.3641100344,2009,0
706,Ireland,4807388.0,336377.5002,1.3895141823,2017,0
707,Ireland,4755335.0,299091.1275,1.3545167545,2016,0
708,Ireland,4701957.0,291775.1665,1.3326790361,2015,0
709,Ireland,4867316.0,385736.6808,1.2728587674,2018,0
710,Ireland,4623816.0,238340.8599,1.3721581789,2013,0
711,Ireland,4599533.0,225628.6997,1.4048829022,2012,0
712,Ireland,4580084.0,239003.1322,1.3026651151,2011,0
713,Ireland,4657740.0,259170.9036,1.3154952498,2014,0
714,Israel,7765800.0,266791.8544,1.2539973959,2011,0
715,Israel,9054000.0,402470.5136,1.1555446792,2019,0
716,Israel,8882800.0,376691.5266,1.1848607614,2018,0
717,Israel,8713300.0,358245.4275,1.2336779385,2017,0
718,Israel,8546000.0,322102.7904,1.2297627626,2016,0
719,Israel,8380100.0,303414.2768,1.2592947839,2015,0
720,Israel,8215700.0,314330.062,1.2417542747,2014,0
721,Israel,8059500.0,297732.7785,1.2180903225,2013,0
722,Israel,7910500.0,262282.3441,1.2585720958,2012,0
723,Israel,7623600.0,238364.0923,1.2399438591,2010,0
724,Israel,9215100.0,413267.6692,1.1537235486,2020,0
725,Israel,7308800.0,220531.0652,1.2499399123,2008,0
726,Israel,6289000.0,136035.7717,1.1798857633,2000,0
727,Israel,6439000.0,134635.8221,1.191224124,2001,0
728,Israel,6570000.0,125060.6229,1.2733935952,2002,0
729,Israel,6689700.0,131299.9159,1.2131443758,2003,0
730,Israel,7485600.0,211970.0409,1.17686159,2009,0
731,Israel,6930100.0,147083.996,1.1609111252,2005,0
732,Israel,7053700.0,158670.4569,1.104544992,2006,0
733,Israel,7180100.0,184052.1217,1.2103810467,2007,0
734,Israel,6809000.0,139973.1484,1.2388743907,2004,0
735,Italy,59539717.0,2086957.657,1.3085361639,2012,0
736,Italy,59438851.0,1896755.302,1.3065323342,2020,0
737,Italy,59729081.0,2011302.199,1.3254505623,2019,0
738,Italy,60421760.0,2091932.426,1.3041278748,2018,0
739,Italy,60536709.0,1961796.197,1.3040387288,2017,0
740,Italy,60627498.0,1877071.688,1.2938929525,2016,0
741,Italy,60730582.0,1836637.711,1.3008882068,2015,0
742,Italy,60789140.0,2162009.616,1.2993502037,2014,0
743,Italy,60233948.0,2141924.094,1.3108973149,2013,0
744,Italy,59379449.0,2294994.297,1.3287745432,2011,0
745,Italy,59277417.0,2136099.955,1.2664422566,2010,0
746,Italy,59095365.0,2199928.804,1.3013251752,2009,0
747,Italy,56974100.0,1168023.426,1.259498115,2001,0
748,Italy,57059007.0,1276769.338,1.248187252,2002,0
749,Italy,57313203.0,1577621.707,1.2181943725,2003,0
750,Italy,57685327.0,1806542.969,1.2447680779,2004,0
751,Italy,56942108.0,1146676.894,1.1914191015,2000,0
752,Italy,58143979.0,1949551.719,1.2472797917,2006,0
753,Italy,58438310.0,2213102.483,1.2518841376,2007,0
754,Italy,58826731.0,2408655.349,1.260544419,2008,0
755,Italy,57969484.0,1858217.147,1.2299918706,2005,0
756,Japan,128063000.0,5106679.115,2.1103416253,2008,0
757,Japan,128001000.0,4579750.92,2.065159961,2007,0
758,Japan,127854000.0,4601663.123,2.1318003271,2006,0
759,Japan,127445000.0,4182846.046,1.9378394685,2002,0
760,Japan,127761000.0,4893116.006,2.1508919196,2004,0
761,Japan,127718000.0,4519561.645,1.9961258922,2003,0
762,Japan,128047000.0,5289493.118,2.1154556523,2009,0
763,Japan,127773000.0,4831467.035,2.1275313689,2005,0
764,Japan,128070000.0,5759071.769,2.1204070948,2010,0
765,Japan,127141000.0,4444930.652,2.1495399625,2015,0
766,Japan,127629000.0,6272362.996,2.2606917403,2012,0
767,Japan,127445000.0,5212328.181,2.2209120559,2013,0
768,Japan,127276000.0,4896994.405,2.1221162938,2014,0
769,Japan,127076000.0,5003677.628,2.1928621568,2016,0
770,Japan,126972000.0,4930837.369,2.1823818038,2017,0
771,Japan,126811000.0,5037835.383,2.2073382308,2018,0
772,Japan,126633000.0,5123318.152,2.2039856728,2019,0
773,Japan,127149000.0,4374711.694,1.9170520284,2001,0
774,Japan,127833000.0,6233147.172,2.2312909214,2011,0
775,Japan,126843000.0,4968359.076,1.8054460996,2000,0
776,Japan,126261000.0,5040107.754,2.1908829483,2020,0
777,Jordan,10698683.0,44993.99237,-0.0243993888,2019,0
778,Jordan,10928721.0,44182.29829,-0.0785237083,2020,0
779,Jordan,5056174.0,8460.789845,0.3466515849,2000,0
780,Jordan,5163310.0,8975.599436,0.2729369264,2001,0
781,Jordan,5275532.0,9582.510578,0.1761310251,2002,0
782,Jordan,5396117.0,10195.62764,0.0170951473,2003,0
783,Jordan,5678534.0,12588.99859,-0.2285381559,2005,0
784,Jordan,6075548.0,15056.98166,-0.1397799191,2006,0
785,Jordan,6473457.0,17110.43724,-0.1197955436,2007,0
786,Jordan,6632873.0,22657.66239,-0.0436629023,2008,0
787,Jordan,5532423.0,11411.70663,-0.0703139414,2004,0
788,Jordan,6931258.0,27133.80424,0.0040156593,2010,0
789,Jordan,6780493.0,24537.87612,-0.0625280613,2009,0
790,Jordan,10215381.0,41608.43592,-0.046245888,2017,0
791,Jordan,9964656.0,39892.55115,-0.0398904919,2016,0
792,Jordan,9494246.0,38587.01794,0.0338631304,2015,0
793,Jordan,10459865.0,43370.86055,-0.0367354315,2018,0
794,Jordan,7694814.0,34454.44018,0.0524627455,2013,0
795,Jordan,7211863.0,31634.56167,-0.0013850412,2012,0
796,Jordan,7109980.0,29524.14916,-0.0079286981,2011,0
797,Jordan,8658026.0,36847.64359,0.0901603603,2014,0
798,Kazakhstan,16792090.0,207998.5689,-0.1516058395,2012,0
799,Kazakhstan,18755666.0,171082.3795,-0.2447653303,2020,0
800,Kazakhstan,18513673.0,181667.1901,-0.2706530426,2019,0
801,Kazakhstan,18276452.0,179339.9949,-0.2244962861,2018,0
802,Kazakhstan,18037776.0,166805.8006,-0.1625436227,2017,0
803,Kazakhstan,17794055.0,137278.3201,-0.0758319201,2016,0
804,Kazakhstan,17542806.0,184388.4321,-0.0692607442,2015,0
805,Kazakhstan,17288285.0,221415.5728,-0.0728564688,2014,0
806,Kazakhstan,17035551.0,236634.5521,-0.0461802195,2013,0
807,Kazakhstan,16557202.0,192626.508,-0.3112715196,2011,0
808,Kazakhstan,15012984.0,43151.647,-0.5159176636,2004,0
809,Kazakhstan,16092822.0,115308.6611,-0.3606136796,2009,0
810,Kazakhstan,16321872.0,148047.3482,-0.4205613519,2010,0
811,Kazakhstan,14858335.0,22152.69416,-0.1515042217,2001,0
812,Kazakhstan,14858948.0,24636.59322,-0.2750496679,2002,0
813,Kazakhstan,14909019.0,30833.6997,-0.3895024371,2003,0
814,Kazakhstan,14883626.0,18291.99491,-0.2483607298,2000,0
815,Kazakhstan,15147029.0,57123.67173,-0.5290776476,2005,0
816,Kazakhstan,15308085.0,81003.88455,-0.436640841,2006,0
817,Kazakhstan,15484192.0,104849.8868,-0.4069791065,2007,0
818,Kazakhstan,15776938.0,133441.6122,-0.4126678427,2008,0
819,Kenya,51985780.0,100666.5427,-0.4886938567,2020,1
820,Kenya,49953304.0,92202.95632,-0.4730005187,2018,1
821,Kenya,48948137.0,82035.80087,-0.5647896243,2017,1
822,Kenya,47894670.0,74815.12131,-0.5840483175,2016,1
823,Kenya,46851488.0,70120.41333,-0.461575439,2015,1
824,Kenya,45831863.0,68285.76855,-0.3933492794,2014,1
825,Kenya,44792368.0,61671.42537,-0.5251051394,2013,1
826,Kenya,43725806.0,56396.70601,-0.5345139494,2012,1
827,Kenya,42635144.0,46869.45732,-0.495707748,2011,1
828,Kenya,41517895.0,45405.58756,-0.4067785952,2010,1
829,Kenya,50951450.0,100379.7137,-0.4783258996,2019,1
830,Kenya,39186895.0,35895.15333,-0.300096552,2008,1
831,Kenya,38036793.0,31958.19518,-0.285479471,2007,1
832,Kenya,36925253.0,25825.52482,-0.3828116679,2006,1
833,Kenya,35843010.0,18737.89774,-0.4672087824,2005,1
834,Kenya,34791836.0,16095.33709,-0.5129481286,2004,1
835,Kenya,33767122.0,14904.51765,-0.4458462901,2003,1
836,Kenya,32779823.0,13147.74391,-0.3286480633,2002,1
837,Kenya,31800343.0,12986.00743,-0.2218826173,2001,1
838,Kenya,30851606.0,12705.3571,-0.1905280147,2000,1
839,Kenya,40364444.0,42347.21791,-0.3881634199,2009,1
840,Kuwait,1934901.0,37712.84224,-0.6253221187,2000,0
841,Kuwait,4124904.0,120707.4355,0.189085068,2017,0
842,Kuwait,4048085.0,109419.7286,0.1681825617,2016,0
843,Kuwait,3908743.0,114567.2981,0.2756314731,2015,0
844,Kuwait,3761584.0,162631.4125,0.2358268065,2014,0
845,Kuwait,3646518.0,174161.1425,0.222281594,2013,0
846,Kuwait,3394663.0,174070.3823,0.2158693457,2012,0
847,Kuwait,3143825.0,154068.1159,0.1425484967,2011,0
848,Kuwait,2795550.0,105963.1689,-0.0247642563,2009,0
849,Kuwait,2650930.0,147395.0893,-0.2725637812,2008,0
850,Kuwait,2506769.0,114639.6904,-0.4094024408,2007,0
851,Kuwait,2235403.0,80798.63014,-0.4495551875,2005,0
852,Kuwait,2153481.0,59439.0906,-0.4096391972,2004,0
853,Kuwait,2101506.0,47876.51007,-0.4615564996,2003,0
854,Kuwait,2047364.0,38137.54525,-0.3244707166,2002,0
855,Kuwait,1991674.0,34887.51223,-0.3381886088,2001,0
856,Kuwait,4360444.0,105960.2257,0.036945149,2020,0
857,Kuwait,2943356.0,115419.3999,0.340609318,2010,0
858,Kuwait,2363409.0,101548.9318,-0.3737869951,2006,0
859,Kuwait,4441100.0,136196.7602,-0.042693132,2019,0
860,Kuwait,4317185.0,138182.4005,0.1235085472,2018,0
861,Lithuania,3231294.0,39697.89135,0.4979690147,2007,0
862,Lithuania,3269909.0,30183.5751,0.3232099583,2006,0
863,Lithuania,3322528.0,26097.67757,0.1881616643,2005,0
864,Lithuania,3377075.0,22627.50745,0.0606564033,2004,0
865,Lithuania,3499536.0,11524.77687,0.0787073073,2000,0
866,Lithuania,3443067.0,14259.78116,0.0100967839,2002,0
867,Lithuania,3470818.0,12237.388,0.0593160062,2001,0
868,Lithuania,3198231.0,47797.55159,0.5657004888,2008,0
869,Lithuania,3415213.0,18781.72138,-0.0185056846,2003,0
870,Lithuania,3162916.0,37388.12205,0.5590891915,2009,0
871,Lithuania,2794885.0,56846.6229,0.9057460598,2020,0
872,Lithuania,3028115.0,43535.05148,0.5412923498,2011,0
873,Lithuania,2987773.0,42927.45429,0.6470680357,2012,0
874,Lithuania,2957689.0,46523.42007,0.6978765323,2013,0
875,Lithuania,2932367.0,48533.65959,0.7484994097,2014,0
876,Lithuania,2904910.0,41435.53334,0.7274230048,2015,0
877,Lithuania,2868231.0,43047.30931,0.7608856486,2016,0
878,Lithuania,2828403.0,47758.73693,0.7861528744,2017,0
879,Lithuania,2801543.0,53751.41141,0.8539126366,2018,0
880,Lithuania,2794137.0,54751.51009,0.9001604406,2019,0
881,Lithuania,3097282.0,37128.69403,0.503965115,2010,0
882,Malaysia,26509413.0,162691.2382,0.6807428869,2006,1
883,Malaysia,25923536.0,143534.1026,0.6033559808,2005,1
884,Malaysia,25333247.0,124749.4737,0.6781452409,2004,1
885,Malaysia,24739411.0,110202.3684,0.5114534035,2003,1
886,Malaysia,32804020.0,365175.1358,1.0183914957,2019,1
887,Malaysia,23542517.0,92783.94737,0.2933027101,2001,1
888,Malaysia,22945150.0,93789.73684,0.0653361135,2000,1
889,Malaysia,27092604.0,193547.8241,0.7779605259,2007,1
890,Malaysia,24142445.0,100845.5263,0.4654227956,2002,1
891,Malaysia,27664296.0,230813.8977,0.8428423072,2008,1
892,Malaysia,33199993.0,337337.9327,1.0330139215,2020,1
893,Malaysia,32399271.0,358791.6037,1.0200445138,2018,1
894,Malaysia,28717731.0,255016.6092,0.8408526397,2010,1
895,Malaysia,29184133.0,297951.9608,0.942022582,2011,1
896,Malaysia,29660212.0,314443.1494,1.01378309,2012,1
897,Malaysia,30134807.0,323277.1589,1.0794309855,2013,1
898,Malaysia,30606459.0,338061.9634,1.025144011,2014,1
899,Malaysia,31068833.0,301354.7561,0.9594124039,2015,1
900,Malaysia,31526418.0,301255.454,1.0015040689,2016,1
901,Malaysia,31975806.0,319112.1756,1.0227221151,2017,1
902,Malaysia,28217204.0,202257.6252,0.8298329164,2009,1
903,Mexico,125085311.0,1269011.767,1.152926712,2019,1
904,Mexico,97873442.0,707906.7446,0.6004517121,2000,1
905,Mexico,99394288.0,756706.3006,0.6965996724,2001,1
906,Mexico,100917081.0,772106.3789,0.7456858851,2002,1
907,Mexico,102429341.0,729336.3197,0.8116060613,2003,1
908,Mexico,103945813.0,782240.602,0.8877874221,2004,1
909,Mexico,105442402.0,877476.2214,0.8727558653,2005,1
910,Mexico,106886790.0,975387.1317,0.8456598399,2006,1
911,Mexico,124013861.0,1222408.203,1.1639005776,2018,1
912,Mexico,108302973.0,1052696.282,0.8858551588,2007,1
913,Mexico,112532401.0,1057801.296,0.9977280279,2010,1
914,Mexico,114150481.0,1180489.602,1.0881532835,2011,1
915,Mexico,115755909.0,1201089.987,1.1023425888,2012,1
916,Mexico,117290686.0,1274443.085,1.1453421846,2013,1
917,Mexico,118755887.0,1315351.184,1.1225890598,2014,1
918,Mexico,120149897.0,1171867.608,1.1537136795,2015,1
919,Mexico,121519221.0,1078490.652,1.1878001284,2016,1
920,Mexico,122839258.0,1158913.036,1.1978019177,2017,1
921,Mexico,125998302.0,1090515.39,1.1522082214,2020,1
922,Mexico,109684489.0,1109989.064,0.9856180472,2008,1
923,Mexico,111049428.0,900045.3506,0.9787405432,2009,1
924,Morocco,35927511.0,127341.1747,-0.651641892,2018,0
925,Morocco,36688772.0,121348.1383,-0.4863927796,2020,0
926,Morocco,29301817.0,42236.83682,-0.8978307428,2002,0
927,Morocco,29661270.0,52064.05883,-0.931869173,2003,0
928,Morocco,30033125.0,59626.02016,-0.8200447599,2004,0
929,Morocco,30431902.0,62343.02265,-0.8738115175,2005,0
930,Morocco,30833022.0,68640.82548,-0.7750169616,2006,0
931,Morocco,31232633.0,79041.29487,-0.6798245902,2007,0
932,Morocco,31634992.0,92507.25778,-0.6593299699,2008,0
933,Morocco,32042877.0,92897.32038,-0.6407983091,2009,0
934,Morocco,32464865.0,93216.74666,-0.655484409,2010,0
935,Morocco,36304408.0,128919.9447,-0.5028678953,2019,0
936,Morocco,32903699.0,101370.4743,-0.6903712174,2011,0
937,Morocco,33352169.0,98266.30662,-0.6993028026,2012,0
938,Morocco,33803527.0,106825.6499,-0.7014079113,2013,0
939,Morocco,34248603.0,119131.3658,-0.6164436767,2014,0
940,Morocco,34680458.0,110414.3666,-0.7114322695,2015,0
941,Morocco,35107264.0,111572.674,-0.7333450142,2016,0
942,Morocco,35528115.0,118540.5489,-0.675844132,2017,0
943,Morocco,28930097.0,39459.58122,-0.8307618805,2001,0
944,Morocco,28554415.0,38857.25134,-0.7912643664,2000,0
945,Netherlands,15925513.0,417479.3374,1.2367278206,2000,0
946,Netherlands,16046180.0,431586.8524,1.3189422652,2001,0
947,Netherlands,16148929.0,473861.9801,1.3015241811,2002,0
948,Netherlands,16225302.0,580070.3607,1.3005870966,2003,0
949,Netherlands,16281779.0,658380.0815,1.2930579369,2004,0
950,Netherlands,16319868.0,685348.1815,1.2279072311,2005,0
951,Netherlands,16346101.0,733955.2699,1.2121272031,2006,0
952,Netherlands,16381696.0,848558.8875,1.2628379775,2007,0
953,Netherlands,16445593.0,951869.9979,1.2583227919,2008,0
954,Netherlands,17441500.0,909793.4667,1.1131681267,2020,0
955,Netherlands,16754962.0,838923.3199,1.2166558646,2012,0
956,Netherlands,16804432.0,877172.8245,1.2240863463,2013,0
957,Netherlands,16865008.0,892167.9867,1.1811390084,2014,0
958,Netherlands,16939923.0,765572.7706,1.1779695756,2015,0
959,Netherlands,17030314.0,784060.4302,1.1990084863,2016,0
960,Netherlands,17131296.0,833869.6417,1.1815545807,2017,0
961,Netherlands,17231624.0,914043.4382,1.1503910659,2018,0
962,Netherlands,17344874.0,910194.3476,1.1190216247,2019,0
963,Netherlands,16693074.0,905270.6263,1.2003493863,2011,0
964,Netherlands,16530388.0,871518.638,1.1623146702,2009,0
965,Netherlands,16615394.0,847380.859,1.176014349,2010,0
966,New Zealand,3857700.0,52623.28196,0.6356484421,2000,0
967,New Zealand,5090200.0,211734.5323,0.4459943229,2020,0
968,New Zealand,4900600.0,211953.111,0.37498473,2018,0
969,New Zealand,4813600.0,206623.7588,0.3688900346,2017,0
970,New Zealand,4714100.0,188838.3425,0.448636808,2016,0
971,New Zealand,4609400.0,178064.4711,0.5012069559,2015,0
972,New Zealand,4516500.0,201313.4972,0.5399216571,2014,0
973,New Zealand,4442100.0,190906.5751,0.5387109885,2013,0
974,New Zealand,4408100.0,176206.6597,0.4971105146,2012,0
975,New Zealand,4384000.0,168291.3571,0.4446267286,2011,0
976,New Zealand,4979200.0,213434.5714,0.4206173856,2019,0
977,New Zealand,4302600.0,121373.6023,0.4779146363,2009,0
978,New Zealand,4259800.0,133131.3699,0.5374620166,2008,0
979,New Zealand,4223800.0,137188.9469,0.5770165764,2007,0
980,New Zealand,4184600.0,111538.8107,0.5769509912,2006,0
981,New Zealand,4133900.0,114720.1296,0.572437992,2005,0
982,New Zealand,4087500.0,103905.2101,0.5430818535,2004,0
983,New Zealand,4027200.0,88250.88555,0.6200001651,2003,0
984,New Zealand,3948500.0,66627.72931,0.6701380474,2002,0
985,New Zealand,3880500.0,53872.42592,0.72047993,2001,0
986,New Zealand,4350700.0,146517.5412,0.4234840648,2010,0
987,Nigeria,170075932.0,463971.0004,-1.5985817445,2012,1
988,Nigeria,208327405.0,432198.936,-1.6669383483,2020,1
989,Nigeria,203304492.0,448120.0152,-1.6432779768,2019,1
990,Nigeria,198387623.0,421739.2102,-1.828962304,2018,1
991,Nigeria,193495907.0,375745.7323,-1.7498896893,2017,1
992,Nigeria,188666931.0,404649.0486,-1.3177893757,2016,1
993,Nigeria,183995785.0,493026.7824,-1.4580877158,2015,1
994,Nigeria,179379016.0,574183.8256,-1.378534964,2014,1
995,Nigeria,174726123.0,520117.1636,-1.3870764768,2013,1
996,Nigeria,165463745.0,414466.5408,-1.7551781808,2011,1
997,Nigeria,156595758.0,295008.7673,-1.6651083083,2009,1
998,Nigeria,122851984.0,69448.75693,-2.4408669196,2000,1
999,Nigeria,160952853.0,366990.5281,-1.7585817556,2010,1
1000,Nigeria,126152678.0,72797.28207,-2.3377016849,2001,1
1001,Nigeria,129583026.0,95054.09466,-1.6583995427,2002,1
1002,Nigeria,136756848.0,135764.7154,-1.6133484386,2004,1
1003,Nigeria,133119801.0,104738.9802,-1.4909189273,2003,1
1004,Nigeria,144329764.0,238454.9522,-1.8151453083,2006,1
1005,Nigeria,148294028.0,278260.8088,-1.8898152008,2007,1
1006,Nigeria,152382506.0,339476.2157,-1.7131458868,2008,1
1007,Nigeria,140490722.0,175670.5366,-1.9446646295,2005,1
1008,Norway,4490967.0,171247.1313,0.9570669496,2000,0
1009,Norway,5347896.0,404941.3636,0.6835448278,2019,0
1010,Norway,5311916.0,436999.6926,0.6998575244,2018,0
1011,Norway,5276968.0,398393.9553,0.7730346335,2017,0
1012,Norway,5234519.0,368827.1429,0.8827070158,2016,0
1013,Norway,5188607.0,385801.5501,0.8894871194,2015,0
1014,Norway,5137232.0,498410.0503,0.8623233536,2014,0
1015,Norway,5079623.0,522761.5319,0.8769293257,2013,0
1016,Norway,5018573.0,509506.3171,0.8822770478,2012,0
1017,Norway,4953088.0,498283.4385,0.9122843761,2011,0
1018,Norway,5379475.0,362198.3184,0.7055511594,2020,0
1019,Norway,4828726.0,386190.3853,0.9146025972,2009,0
1020,Norway,4768212.0,462250.0,0.8393090984,2008,0
1021,Norway,4709153.0,400937.1002,0.9059060661,2007,0
1022,Norway,4660677.0,345581.37,0.8584149028,2006,0
1023,Norway,4623291.0,308884.2841,0.8739757426,2005,0
1024,Norway,4591910.0,264511.6307,0.8006623164,2004,0
1025,Norway,4564855.0,228858.5068,0.7784350018,2003,0
1026,Norway,4538159.0,195524.1865,0.8120341077,2002,0
1027,Norway,4513751.0,173972.2188,1.0493796703,2001,0
1028,Norway,4889252.0,428757.0385,0.9513304391,2010,0
1029,Oman,2651028.0,60905.45254,-0.5318324642,2008,1
1030,Oman,2605700.0,42085.37945,-0.5933668815,2007,1
1031,Oman,2515192.0,31081.99168,-0.7535606867,2005,1
1032,Oman,2344253.0,19507.45254,-0.6627006294,2000,1
1033,Oman,2431600.0,21633.70819,-0.5614841297,2003,1
1034,Oman,2403659.0,20142.75605,-0.4611981662,2002,1
1035,Oman,2374653.0,19452.00052,-0.5263643388,2001,1
1036,Oman,2697537.0,48388.36359,-0.5658214348,2009,1
1037,Oman,2468855.0,24763.71287,-0.5406682654,2004,1
1038,Oman,2881914.0,64993.49805,-0.586237794,2010,1
1039,Oman,2560649.0,37215.77971,-0.7382368517,2006,1
1040,Oman,3535579.0,87408.84265,-0.5050368018,2012,1
1041,Oman,4543399.0,75909.39766,-0.2054639656,2020,1
1042,Oman,4602768.0,88060.85826,-0.2963153087,2019,1
1043,Oman,4601157.0,91505.85176,-0.2937454202,2018,1
1044,Oman,4541854.0,80856.69701,-0.1993647129,2017,1
1045,Oman,3206870.0,77497.52926,-0.5287988279,2011,1
1046,Oman,4191776.0,78710.79324,-0.1943369605,2015,1
1047,Oman,4009267.0,92699.08973,-0.2580694911,2014,1
1048,Oman,3816680.0,89936.02081,-0.3288070529,2013,1
1049,Oman,4398070.0,75128.73862,-0.210210145,2016,1
1050,Pakistan,219731479.0,356128.225,-0.754575622,2018,0
1051,Pakistan,216379655.0,339205.6158,-0.7691756884,2017,0
1052,Pakistan,213524840.0,313629.8589,-0.8386589267,2016,0
1053,Pakistan,210969298.0,270556.1317,-0.7968357876,2015,0
1054,Pakistan,208251628.0,244360.8888,-0.7145886237,2014,0
1055,Pakistan,205337562.0,231218.5672,-0.8126052609,2013,0
1056,Pakistan,202205861.0,224383.6208,-0.8245674606,2012,0
1057,Pakistan,198602738.0,213587.4132,-0.7783511774,2011,0
1058,Pakistan,190123222.0,168152.7753,-0.6942179402,2009,0
1059,Pakistan,185931955.0,170077.8141,-0.6491140407,2008,0
1060,Pakistan,181924521.0,152385.7163,-0.7477163068,2007,0
1061,Pakistan,154369924.0,82017.74342,-1.076559449,2000,0
1062,Pakistan,174372098.0,120055.292,-0.9923177782,2005,0
1063,Pakistan,170648620.0,107759.6839,-1.075355812,2004,0
1064,Pakistan,166876680.0,91760.54294,-1.1239279924,2003,0
1065,Pakistan,163262807.0,79904.98538,-1.1925665574,2002,0
1066,Pakistan,159217727.0,79484.40398,-1.1936456658,2001,0
1067,Pakistan,194454498.0,177165.6351,-0.7401895214,2010,0
1068,Pakistan,178069984.0,137264.0611,-0.8294494066,2006,0
1069,Pakistan,227196741.0,300425.6668,-0.6781479507,2020,0
1070,Pakistan,223293280.0,320909.4892,-0.686523003,2019,0
1071,Panama,3688674.0,34686.2243,0.2847480925,2011,1
1072,Panama,3305868.0,16374.3939,-0.2507444684,2005,1
1073,Panama,3368573.0,18141.6663,-0.0992516724,2006,1
1074,Panama,3431614.0,21295.9842,0.0256847981,2007,1
1075,Panama,3495276.0,25155.8886,0.2185983189,2008,1
1076,Panama,3559343.0,27116.6356,0.143632871,2009,1
1077,Panama,3623617.0,29440.2876,0.1744797933,2010,1
1078,Panama,3243311.0,15013.3817,-0.2180523317,2004,1
1079,Panama,3061024.0,12502.0134,-0.2659467626,2001,1
1080,Panama,3957099.0,54091.8,0.2415492914,2015,1
1081,Panama,3821556.0,45599.9,0.4208794938,2013,1
1082,Panama,3888793.0,49921.4,0.3485100032,2014,1
1083,Panama,3181608.0,13693.9812,-0.335504445,2003,1
1084,Panama,4026336.0,57907.7,0.1781280686,2016,1
1085,Panama,4096063.0,62202.7,0.2410813375,2017,1
1086,Panama,4165255.0,64929.4,0.1868540279,2018,1
1087,Panama,4232532.0,66984.4,0.1794040125,2019,1
1088,Panama,4294396.0,53977.0,0.2285152043,2020,1
1089,Panama,3001731.0,12304.115,-0.2179590878,2000,1
1090,Panama,3754862.0,40429.7,0.3681872969,2012,1
1091,Panama,3120990.0,12994.3104,-0.323341447,2002,1
1092,Papua New Guinea,8899169.0,20759.0691,-1.8745400777,2016,1
1093,Papua New Guinea,9542486.0,24751.34456,-1.6695401317,2019,1
1094,Papua New Guinea,5508297.0,3521.339699,-1.782337725,2000,1
1095,Papua New Guinea,5698489.0,3081.024212,-1.8752745121,2001,1
1096,Papua New Guinea,5892596.0,2999.51104,-1.7645296914,2002,1
1097,Papua New Guinea,6090980.0,3536.411824,-1.9883456776,2003,1
1098,Papua New Guinea,6293166.0,3927.157867,-2.0937840898,2004,1
1099,Papua New Guinea,6498818.0,4865.892972,-2.1520950945,2005,1
1100,Papua New Guinea,6708217.0,8355.006707,-2.0592128442,2006,1
1101,Papua New Guinea,6921066.0,9545.177014,-2.2710277673,2007,1
1102,Papua New Guinea,7137988.0,11670.84093,-2.2874421709,2008,1
1103,Papua New Guinea,7583269.0,14250.75523,-2.3297426445,2010,1
1104,Papua New Guinea,7806637.0,17984.9105,-1.8694512151,2011,1
1105,Papua New Guinea,8026545.0,21295.65924,-1.8482211438,2012,1
1106,Papua New Guinea,8245627.0,21261.43279,-1.7518700401,2013,1
1107,Papua New Guinea,8464153.0,23210.68254,-1.8506128499,2014,1
1108,Papua New Guinea,8682174.0,21723.53117,-1.7779300296,2015,1
1109,Papua New Guinea,9114796.0,22742.61355,-1.9803309087,2017,1
1110,Papua New Guinea,9329227.0,24109.50985,-2.00977946,2018,1
1111,Papua New Guinea,9749640.0,23848.2659,-1.7764357938,2020,1
1112,Papua New Guinea,7358890.0,11619.6378,-2.3433384922,2009,1
1113,Paraguay,6618695.0,35432.17807,-0.4216245041,2020,1
1114,Paraguay,6530026.0,37925.33833,-0.5439913876,2019,1
1115,Paraguay,6443328.0,40225.44834,-0.5617010098,2018,1
1116,Paraguay,6355404.0,38997.12947,-0.5330912334,2017,1
1117,Paraguay,6266615.0,36089.70022,-0.7325344841,2016,1
1118,Paraguay,6177950.0,36211.44784,-0.6386513722,2015,1
1119,Paraguay,6090721.0,40377.9293,-0.5207120679,2014,1
1120,Paraguay,5923322.0,33271.92114,-0.75053877,2012,1
1121,Paraguay,5843939.0,33756.23877,-0.8507941879,2011,1
1122,Paraguay,5768613.0,27260.88641,-0.8499637388,2010,1
1123,Paraguay,5702574.0,22355.15116,-0.7489851057,2009,1
1124,Paraguay,6005652.0,38501.12214,-0.593374261,2013,1
1125,Paraguay,5590145.0,17856.39324,-0.636600815,2007,1
1126,Paraguay,5534675.0,13429.43005,-0.7785295706,2006,1
1127,Paraguay,5476878.0,10737.50019,-0.6024882437,2005,1
1128,Paraguay,5416324.0,9624.440836,-0.4798555303,2004,1
1129,Paraguay,5353254.0,7691.367471,-0.5779584909,2003,1
1130,Paraguay,5286512.0,7196.260657,-0.6412190254,2002,1
1131,Paraguay,5211541.0,8495.806432,-0.623216713,2001,1
1132,Paraguay,5123819.0,8855.70514,-0.4272856114,2000,1
1133,Paraguay,5645148.0,24615.26766,-0.6741354649,2008,1
1134,Peru,30038809.0,201175.4691,-0.6198864803,2013,1
1135,Peru,30353951.0,200789.3625,-0.5159828111,2014,1
1136,Peru,30711863.0,189805.3008,-0.601447792,2015,1
1137,Peru,31132779.0,191895.9438,-0.6193300835,2016,1
1138,Peru,33304756.0,201705.0559,-0.6856256526,2020,1
1139,Peru,32203944.0,222597.2129,-0.6118732205,2018,1
1140,Peru,32824861.0,228323.495,-0.6223823474,2019,1
1141,Peru,29749589.0,192648.9991,-0.701910784,2012,1
1142,Peru,31605486.0,211007.2075,-0.638440716,2017,1
1143,Peru,29477721.0,171761.737,-0.8195477496,2011,1
1144,Peru,29229572.0,147528.937,-0.8244124597,2010,1
1145,Peru,29009326.0,120822.9865,-0.7622152441,2009,1
1146,Peru,27014909.0,52030.15878,-0.5426011888,2001,1
1147,Peru,27334503.0,54777.55352,-0.5047275037,2002,1
1148,Peru,27623341.0,58731.03012,-0.7527948465,2003,1
1149,Peru,27893911.0,66768.7035,-0.8893766263,2004,1
1150,Peru,26654439.0,51744.74913,-0.5355570133,2000,1
1151,Peru,28381078.0,88643.19306,-0.8671376462,2006,1
1152,Peru,28600387.0,102170.9811,-0.7255249806,2007,1
1153,Peru,28806185.0,120550.5998,-0.7262146085,2008,1
1154,Peru,28147267.0,76060.60606,-0.9211934576,2005,1
1155,Philippines,96337913.0,234216.9304,0.3701059621,2011,1
1156,Philippines,112190977.0,361751.1163,0.5648218585,2020,1
1157,Philippines,110380804.0,376823.2786,0.587556009,2019,1
1158,Philippines,108568836.0,346842.0942,0.6146021679,2018,1
1159,Philippines,106738501.0,328480.8671,0.5253821978,2017,1
1160,Philippines,104875266.0,318626.7615,0.3775850609,2016,1
1161,Philippines,101325201.0,297483.2471,0.3618973644,2014,1
1162,Philippines,99700107.0,283902.7283,0.3679510281,2013,1
1163,Philippines,98032317.0,261920.51,0.3545328098,2012,1
1164,Philippines,94636700.0,208368.7269,0.2298396442,2010,1
1165,Philippines,103031365.0,306446.1406,0.3514226261,2015,1
1166,Philippines,91252326.0,181624.5772,0.3025355254,2008,1
1167,Philippines,92946951.0,175974.7116,0.2014786992,2009,1
1168,Philippines,79626086.0,78921.23446,-0.4778408183,2001,1
1169,Philippines,81285572.0,84307.29197,-0.350186138,2002,1
1170,Philippines,82942837.0,87039.14597,-0.2733070603,2003,1
1171,Philippines,77958223.0,83669.69359,-0.5329976492,2000,1
1172,Philippines,86261250.0,107419.9617,-0.1884713914,2005,1
1173,Philippines,87901835.0,127652.8592,-0.1069908816,2006,1
1174,Philippines,89561377.0,155980.3783,0.0619669889,2007,1
1175,Philippines,84607501.0,95002.0285,-0.0920593024,2004,1
1176,Poland,38230364.0,199072.0588,0.6516556705,2002,0
1177,Poland,38151603.0,439737.5084,0.9856866986,2009,0
1178,Poland,38204570.0,217827.2608,0.667290124,2003,0
1179,Poland,38182222.0,255110.1815,0.7687907234,2004,0
1180,Poland,38165445.0,306144.3363,0.7891379573,2005,0
1181,Poland,38141267.0,344622.0031,0.8505074805,2006,0
1182,Poland,38120560.0,429028.5054,0.9350010948,2007,0
1183,Poland,38125759.0,533609.0819,0.9622838731,2008,0
1184,Poland,38042794.0,475696.6139,0.9802817912,2010,0
1185,Poland,37970087.0,470022.5728,1.0161383187,2016,0
1186,Poland,38063164.0,495236.9108,1.0020648459,2012,0
1187,Poland,38040196.0,515764.7282,1.019386231,2013,0
1188,Poland,38011735.0,539087.6526,1.0093469682,2014,0
1189,Poland,37974826.0,524645.8339,1.0514647811,2017,0
1190,Poland,37974750.0,588782.5678,1.0737600051,2018,0
1191,Poland,37965475.0,596054.5919,1.0616019634,2019,0
1192,Poland,37899070.0,599449.1884,1.041319905,2020,0
1193,Poland,38248076.0,190905.4935,0.6250339124,2001,0
1194,Poland,38063255.0,524382.6785,1.0150424982,2011,0
1195,Poland,38258629.0,172219.4611,0.5899653963,2000,0
1196,Poland,37986412.0,477111.288,1.0105232286,2015,0
1197,Portugal,10362722.0,121604.1072,0.22678622,2001,0
1198,Portugal,10289898.0,118605.1929,0.1800295378,2000,0
1199,Portugal,10419631.0,134795.5655,0.1695664173,2002,0
1200,Portugal,10458821.0,165226.1755,0.1574110234,2003,0
1201,Portugal,10483861.0,189382.1225,0.2456219427,2004,0
1202,Portugal,10503330.0,197253.8767,0.2487561176,2005,0
1203,Portugal,10522288.0,208756.4493,0.2678046848,2006,0
1204,Portugal,10558177.0,263416.3946,0.3721641614,2008,0
1205,Portugal,10568247.0,244667.7628,0.3778122532,2009,0
1206,Portugal,10573100.0,238113.0032,0.3621333686,2010,0
1207,Portugal,10542964.0,240496.1473,0.349515536,2007,0
1208,Portugal,10514844.0,216224.2406,0.3462817181,2012,0
1209,Portugal,10457295.0,226433.858,0.3934335558,2013,0
1210,Portugal,10401062.0,229901.9642,0.4186013592,2014,0
1211,Portugal,10358076.0,199394.0665,0.368195577,2015,0
1212,Portugal,10325452.0,206426.1523,0.3668447629,2016,0
1213,Portugal,10300300.0,221357.8747,0.4166218134,2017,0
1214,Portugal,10283822.0,242313.1166,0.4432398925,2018,0
1215,Portugal,10286263.0,239986.9226,0.4622442586,2019,0
1216,Portugal,10557560.0,245117.9902,0.3445660012,2011,0
1217,Portugal,10297081.0,229031.8605,0.466875043,2020,0
1218,Qatar,1713504.0,125122.3063,-0.0614407335,2010,1
1219,Qatar,713186.0,19363.73626,-0.7329248195,2002,1
1220,Qatar,2760385.0,144411.3633,-0.0465654555,2020,1
1221,Qatar,2807235.0,175837.551,-0.1210477374,2019,1
1222,Qatar,2766732.0,183334.9538,-0.1383851031,2018,1
1223,Qatar,2711755.0,161099.1222,-0.0640058453,2017,1
1224,Qatar,2595166.0,151732.1819,0.1093942539,2016,1
1225,Qatar,2414573.0,161739.9556,0.02427582,2015,1
1226,Qatar,2214465.0,206224.5986,0.0580349069,2014,1
1227,Qatar,2035501.0,198727.643,0.0895362961,2013,1
1228,Qatar,1905660.0,186833.5024,-0.1478250205,2012,1
1229,Qatar,1804171.0,167775.2686,0.068515661,2011,1
1230,Qatar,1610274.0,97798.35165,-0.2302975,2009,1
1231,Qatar,1444277.0,115270.0549,-0.2142438684,2008,1
1232,Qatar,1231893.0,79712.08791,-0.206885445,2007,1
1233,Qatar,1015060.0,60882.14286,-0.260098755,2006,1
1234,Qatar,848710.0,44530.49451,-0.2237769839,2005,1
1235,Qatar,777943.0,31734.06593,-0.5208294854,2004,1
1236,Qatar,748525.0,23533.79121,-0.7730434662,2003,1
1237,Qatar,678831.0,17538.46154,-0.9381288811,2001,1
1238,Qatar,645937.0,17759.89011,-1.2082020443,2000,1
1239,Romania,22131970.0,40394.82468,0.0729198043,2001,0
1240,Romania,20058035.0,179132.8931,0.6522047177,2012,0
1241,Romania,21574326.0,57806.50602,0.0365368529,2003,0
1242,Romania,19265250.0,251362.0405,1.0285805813,2020,0
1243,Romania,19371648.0,251019.2784,1.0145963086,2019,0
1244,Romania,19473970.0,243317.0794,0.9627529618,2018,0
1245,Romania,19588715.0,210146.7489,0.9239695346,2017,0
1246,Romania,19702267.0,185286.8546,0.8058229464,2016,0
1247,Romania,19815616.0,177882.4176,0.7974693764,2015,0
1248,Romania,21730496.0,46066.10195,0.0012736774,2002,0
1249,Romania,19908979.0,199712.2895,0.75400661,2014,0
1250,Romania,22442971.0,37253.25902,0.0695273677,2000,0
1251,Romania,20147528.0,192614.0852,0.7028414017,2011,0
1252,Romania,20246871.0,170029.359,0.6777689837,2010,0
1253,Romania,20367487.0,174103.6959,0.6882101662,2009,0
1254,Romania,20537875.0,214313.629,0.5795782172,2008,0
1255,Romania,20882982.0,174585.2028,0.4490438196,2007,0
1256,Romania,21193760.0,122022.9975,0.2925270655,2006,0
1257,Romania,19983693.0,189790.2281,0.7155055859,2013,0
1258,Romania,21319685.0,98452.79198,0.1651662629,2005,0
1259,Romania,21451748.0,74972.66906,0.1263274732,2004,0
1260,Saudi Arabia,35018133.0,816578.6745,0.768618368,2018,1
1261,Saudi Arabia,34193122.0,688586.0944,0.7411947802,2017,1
1262,Saudi Arabia,33416270.0,644935.682,0.7590293037,2016,1
1263,Saudi Arabia,32749848.0,654269.7396,0.8343752054,2015,1
1264,Saudi Arabia,32125564.0,756350.3473,0.7892288643,2014,1
1265,Saudi Arabia,31482498.0,746647.1274,0.8064214076,2013,1
1266,Saudi Arabia,30821543.0,735974.8433,0.6287069794,2012,1
1267,Saudi Arabia,35827362.0,803616.2648,0.8671860334,2019,1
1268,Saudi Arabia,30150945.0,671238.8401,0.509373844,2011,1
1269,Saudi Arabia,22085929.0,184137.4697,0.2126267238,2001,1
1270,Saudi Arabia,28483797.0,429097.8993,0.2093124789,2009,1
1271,Saudi Arabia,27437353.0,519796.7386,0.2004268799,2008,1
1272,Saudi Arabia,26400068.0,415964.5831,0.3555888361,2007,1
1273,Saudi Arabia,25382870.0,376900.1357,0.2324033444,2006,1
1274,Saudi Arabia,24397644.0,328459.7001,0.28418088,2005,1
1275,Saudi Arabia,23661808.0,258742.263,0.192363322,2004,1
1276,Saudi Arabia,23150847.0,215807.6553,0.1688637279,2003,1
1277,Saudi Arabia,22623415.0,189605.9202,0.1802195704,2002,1
1278,Saudi Arabia,35997107.0,703367.8412,0.8778457416,2020,1
1279,Saudi Arabia,21547390.0,189514.9262,0.0255578552,2000,1
1280,Saudi Arabia,29411929.0,528207.3326,0.4529363508,2010,1
1281,Singapore,5638676.0,376998.1465,1.7839387095,2018,1
1282,Singapore,5612253.0,343193.3522,1.7097074414,2017,1
1283,Singapore,5607283.0,318832.4285,1.6902286649,2016,1
1284,Singapore,5535002.0,308004.1461,1.6028554437,2015,1
1285,Singapore,5469724.0,314851.1562,1.5581834374,2014,1
1286,Singapore,5399162.0,307576.3606,1.6502531113,2013,1
1287,Singapore,5312437.0,295087.2209,1.699559774,2012,1
1288,Singapore,4138012.0,89794.94335,1.0166518983,2001,1
1289,Singapore,4175950.0,92537.75271,1.1047205577,2002,1
1290,Singapore,4987573.0,194152.286,1.5025781533,2009,1
1291,Singapore,4839396.0,193611.9867,1.4940981295,2008,1
1292,Singapore,4588599.0,180941.9415,1.4479711782,2007,1
1293,Singapore,4401365.0,148630.3732,1.3406048555,2006,1
1294,Singapore,4265762.0,127807.6184,1.4549408314,2005,1
1295,Singapore,4166664.0,115035.4988,1.4141695932,2004,1
1296,Singapore,4114826.0,97645.44828,1.1790345824,2003,1
1297,Singapore,5076732.0,239809.3876,1.5153958572,2010,1
1298,Singapore,5183688.0,279351.1687,1.6065714978,2011,1
1299,Singapore,4027887.0,96074.47796,0.8794063226,2000,1
1300,Singapore,5685807.0,345295.9339,1.8239169138,2020,1
1301,Singapore,5703569.0,375472.7313,1.716195411,2019,1
1302,Slovenia,1988925.0,20289.62764,1.0451551773,2000,0
1303,Slovenia,1994530.0,23489.89027,1.1337257354,2002,0
1304,Slovenia,2102419.0,53706.80004,1.4582307257,2020,0
1305,Slovenia,2088385.0,54331.58848,1.4554961946,2019,0
1306,Slovenia,2073894.0,54177.88243,1.4691720174,2018,0
1307,Slovenia,2066388.0,48589.10004,1.4971809612,2017,0
1308,Slovenia,2065042.0,44766.72279,1.4672363962,2016,0
1309,Slovenia,2063531.0,43107.50602,1.4130056551,2015,0
1310,Slovenia,2061980.0,49997.18644,1.4008324415,2014,0
1311,Slovenia,2059953.0,48415.65726,1.4301496573,2013,0
1312,Slovenia,1992060.0,20876.30997,1.1325875438,2001,0
1313,Slovenia,2057159.0,46577.79318,1.4079335359,2012,0
1314,Slovenia,2048583.0,48208.24023,1.3587950737,2010,0
1315,Slovenia,2039669.0,50567.73489,1.3736659889,2009,0
1316,Slovenia,2021316.0,55779.42774,1.3423540948,2008,0
1317,Slovenia,2018122.0,48067.40121,1.3181061286,2007,0
1318,Slovenia,2006868.0,39481.04504,1.309614185,2006,0
1319,Slovenia,2000474.0,36206.39597,1.2602764614,2005,0
1320,Slovenia,1997012.0,34414.7845,1.2386012347,2004,0
1321,Slovenia,1995733.0,29634.71364,1.2011159854,2003,0
1322,Slovenia,2052843.0,51583.86979,1.4159493436,2011,0
1323,South Africa,57339635.0,404159.6909,0.1248608857,2018,0
1324,South Africa,58087055.0,388531.9541,0.1844007776,2019,0
1325,South Africa,46813266.0,151753.3695,0.426636764,2000,0
1326,South Africa,56641209.0,381448.8147,0.1889416636,2017,0
1327,South Africa,48104048.0,197020.2415,0.3928083909,2003,0
1328,South Africa,48556071.0,255806.6314,0.3628874873,2004,0
1329,South Africa,49017147.0,288868.4891,0.4757607027,2005,0
1330,South Africa,49491756.0,303860.8741,0.4341958152,2006,0
1331,South Africa,49996094.0,333075.4626,0.4319511635,2007,0
1332,South Africa,50565812.0,316132.1388,0.4226184736,2008,0
1333,South Africa,58801927.0,337619.6801,0.0723714668,2020,0
1334,South Africa,51170779.0,329753.0489,0.3388033567,2009,0
1335,South Africa,52443325.0,458201.5141,0.3527872504,2011,0
1336,South Africa,53145033.0,434400.5451,0.3218522946,2012,0
1337,South Africa,53873616.0,400886.0136,0.3123080738,2013,0
1338,South Africa,54729551.0,381198.8698,0.398009216,2014,0
1339,South Africa,55876504.0,346709.7905,0.3098140397,2015,0
1340,South Africa,56422274.0,323585.5097,0.2412091638,2016,0
1341,South Africa,51784921.0,417365.077,0.3660254345,2010,0
1342,South Africa,47661514.0,129088.1322,0.4139104142,2002,0
1343,South Africa,47229714.0,135429.607,0.3912109412,2001,0
1344,Spain,47134837.0,1394320.055,0.7775646795,2019,0
1345,Spain,46797754.0,1421702.715,0.7739354143,2018,0
1346,Spain,46593236.0,1313245.33,0.7745795444,2017,0
1347,Spain,46484062.0,1233554.967,0.7761083713,2016,0
1348,Spain,46444832.0,1196156.971,0.7974819921,2015,0
1349,Spain,46480882.0,1371820.538,0.8243781019,2014,0
1350,Spain,46620045.0,1355579.536,0.8348572017,2013,0
1351,Spain,46742697.0,1480710.496,0.8400610446,2011,0
1352,Spain,46576897.0,1422108.2,0.8459696403,2010,0
1353,Spain,46362946.0,1491472.924,0.8918797632,2009,0
1354,Spain,42187645.0,907491.5232,0.9810256583,2003,0
1355,Spain,45226803.0,1474002.58,0.8972601665,2007,0
1356,Spain,44397319.0,1260398.978,0.8909140522,2006,0
1357,Spain,43653155.0,1153715.823,0.8911182013,2005,0
1358,Spain,42921895.0,1069055.675,0.9239841858,2004,0
1359,Spain,46773055.0,1324750.739,0.8125568869,2012,0
1360,Spain,45954106.0,1631863.494,0.8780025661,2008,0
1361,Spain,47365655.0,1276962.686,0.7631291567,2020,0
1362,Spain,40567864.0,598363.3135,0.9987978273,2000,0
1363,Spain,40850412.0,627830.0294,1.0574157502,2001,0
1364,Spain,41431558.0,708756.6771,1.007839321,2002,0
1365,Sri Lanka,21506813.0,94376.24647,-0.6240444192,2017,1
1366,Sri Lanka,21425494.0,88012.26226,-0.7222623847,2016,1
1367,Sri Lanka,18776371.0,16330.81418,-1.0331847967,2000,1
1368,Sri Lanka,18920275.0,15749.7538,-1.0487236676,2001,1
1369,Sri Lanka,19110707.0,16536.53565,-1.0784090407,2002,1
1370,Sri Lanka,19303180.0,18881.76544,-1.0551061919,2003,1
1371,Sri Lanka,19673866.0,24405.79104,-0.9275704827,2005,1
1372,Sri Lanka,19870706.0,28279.81492,-0.7679587268,2006,1
1373,Sri Lanka,20078655.0,32350.24841,-0.632315962,2007,1
1374,Sri Lanka,19490431.0,20662.52594,-0.9455378388,2004,1
1375,Sri Lanka,20482477.0,42066.21787,-0.6726774927,2009,1
1376,Sri Lanka,20668557.0,58636.15071,-0.7644661027,2010,1
1377,Sri Lanka,20859743.0,67753.28895,-0.7536306799,2011,1
1378,Sri Lanka,21017147.0,70447.1915,-0.7654850173,2012,1
1379,Sri Lanka,21131756.0,77000.59666,-0.7598759924,2013,1
1380,Sri Lanka,21239457.0,82528.52623,-0.6356823975,2014,1
1381,Sri Lanka,21670000.0,94493.84735,-0.6354904379,2018,1
1382,Sri Lanka,21336697.0,85140.96354,-0.6540298388,2015,1
1383,Sri Lanka,20285643.0,40713.81231,-0.601055402,2008,1
1384,Sri Lanka,21803000.0,89014.99079,-0.4946442699,2019,1
1385,Sri Lanka,21919000.0,85349.11217,-0.4876852112,2020,1
1386,Sweden,9378126.0,495812.5588,1.6679652606,2010,0
1387,Sweden,8872109.0,262835.4544,1.6973117578,2000,0
1388,Sweden,8924958.0,266849.0618,1.8185910845,2002,0
1389,Sweden,8958229.0,334337.2123,1.7748625255,2003,0
1390,Sweden,8993531.0,385118.0449,1.7958962446,2004,0
1391,Sweden,9029572.0,392218.0889,1.7355991703,2005,0
1392,Sweden,9080505.0,423093.4374,1.7185324014,2006,0
1393,Sweden,9148092.0,491252.5892,1.6772759235,2007,0
1394,Sweden,9219637.0,517706.1492,1.6838324502,2008,0
1395,Sweden,9298515.0,436537.0143,1.7063762756,2009,0
1396,Sweden,9449213.0,574094.113,1.7021934155,2011,0
1397,Sweden,9519374.0,552483.7273,1.7092423956,2012,0
1398,Sweden,9600379.0,586841.8218,1.7076901704,2013,0
1399,Sweden,9696110.0,581964.0172,1.6794892403,2014,0
1400,Sweden,9799186.0,505103.7813,1.6793609215,2015,0
1401,Sweden,9923085.0,515654.6715,1.6442506509,2016,0
1402,Sweden,10057698.0,541018.7498,1.6176613783,2017,0
1403,Sweden,10175214.0,555455.3715,1.6013664253,2018,0
1404,Sweden,10278887.0,533879.5292,1.5888273981,2019,0
1405,Sweden,8895960.0,242395.8525,1.7858346727,2001,0
1406,Sweden,10353442.0,547054.1742,1.596517604,2020,0
1407,Switzerland,8638167.0,739913.6198,2.0030714272,2020,0
1408,Switzerland,8451840.0,695200.8331,2.0731103671,2017,0
1409,Switzerland,7229854.0,286582.6724,1.8167332483,2001,0
1410,Switzerland,7284753.0,309301.4224,1.8844631571,2002,0
1411,Switzerland,7339001.0,362075.0865,1.8847938733,2003,0
1412,Switzerland,7389625.0,403912.891,1.880859796,2004,0
1413,Switzerland,7437115.0,418284.8659,1.8003994057,2005,0
1414,Switzerland,7483934.0,441634.6722,1.786434325,2006,0
1415,Switzerland,7551117.0,490740.7156,1.778223737,2007,0
1416,Switzerland,7647675.0,567267.7675,1.7892958051,2008,0
1417,Switzerland,7743831.0,554212.9161,1.8250886103,2009,0
1418,Switzerland,7184250.0,279216.0339,1.7570549366,2000,0
1419,Switzerland,7824909.0,598851.0289,1.8470641415,2010,0
1420,Switzerland,7912398.0,715888.1267,1.9448403322,2011,0
1421,Switzerland,7996861.0,686420.2216,2.0206242147,2012,0
1422,Switzerland,8089346.0,706234.9374,1.9976685552,2013,0
1423,Switzerland,8188649.0,726537.8083,1.9190134025,2014,0
1424,Switzerland,8282396.0,694118.1864,1.9891011098,2015,0
1425,Switzerland,8373338.0,687895.4609,2.0483936202,2016,0
1426,Switzerland,8514329.0,725568.7175,2.0532063911,2018,0
1427,Switzerland,8575280.0,721369.1127,2.0047228172,2019,0
1428,Thailand,71307763.0,544081.0562,0.9345314008,2019,1
1429,Thailand,71475664.0,499681.757,0.905680503,2020,1
1430,Thailand,71127802.0,506754.6162,0.9327900216,2018,1
1431,Thailand,70898202.0,456356.9614,0.8968355988,2017,1
1432,Thailand,70607037.0,413366.1507,0.8949394103,2016,1
1433,Thailand,70294397.0,401296.4374,0.8583987317,2015,1
1434,Thailand,69960943.0,407339.4541,0.7831223254,2014,1
1435,Thailand,69157023.0,397558.223,0.6068433751,2012,1
1436,Thailand,68712846.0,370819.1409,0.5996655559,2011,1
1437,Thailand,68270489.0,341104.8202,0.4724236539,2010,1
1438,Thailand,69578602.0,420333.2032,0.7262315972,2013,1
1439,Thailand,67328239.0,291382.9912,0.5466125123,2008,1
1440,Thailand,63066603.0,126392.2337,-0.173119553,2000,1
1441,Thailand,67813654.0,281710.4166,0.5008343793,2009,1
1442,Thailand,64222580.0,134300.8513,-0.0623827441,2002,1
1443,Thailand,64776956.0,152280.6776,-0.0229547886,2003,1
1444,Thailand,63649892.0,120296.4762,-0.1238010597,2001,1
1445,Thailand,65821360.0,189318.5497,0.2486250097,2005,1
1446,Thailand,66319525.0,221758.1965,0.3455095454,2006,1
1447,Thailand,66826754.0,262942.4767,0.4557841084,2007,1
1448,Thailand,65311166.0,172895.7496,0.2287493275,2004,1
1449,Tunisia,9995123.0,22066.03183,-0.4005410691,2001,0
1450,Tunisia,12049314.0,41906.11369,0.1144376069,2019,0
1451,Tunisia,11933041.0,42685.97227,0.0570381061,2018,0
1452,Tunisia,11811443.0,42163.96627,0.03541271,2017,0
1453,Tunisia,11685667.0,44360.75419,-0.0363412545,2016,0
1454,Tunisia,11557779.0,45780.07749,-0.0343721301,2015,0
1455,Tunisia,11428948.0,50271.07263,0.0134359216,2014,0
1456,Tunisia,11300284.0,48684.18785,-0.0488517149,2013,0
1457,Tunisia,11174383.0,47311.15949,-0.0811083711,2012,0
1458,Tunisia,11032528.0,48122.74471,-0.0624228657,2011,0
1459,Tunisia,10680380.0,44860.96908,-0.1417264457,2008,0
1460,Tunisia,10580395.0,38914.07835,-0.1862759647,2007,0
1461,Tunisia,10483558.0,34377.31029,-0.2830241487,2006,0
1462,Tunisia,10388344.0,32273.00755,-0.3090582386,2005,0
1463,Tunisia,10292225.0,31183.05901,-0.3136191128,2004,0
1464,Tunisia,10193798.0,27453.00737,-0.3837752905,2003,0
1465,Tunisia,10094561.0,23142.15376,-0.361003258,2002,0
1466,Tunisia,10784504.0,43454.93594,-0.1029479546,2009,0
1467,Tunisia,9893316.0,21473.26184,-0.5069362426,2000,0
1468,Tunisia,10895063.0,46206.09194,-0.1039505128,2010,0
1469,Tunisia,12161723.0,42537.83246,0.0976804331,2020,0
1470,Ukraine,48202470.0,43956.36992,0.5903790553,2002,0
1471,Ukraine,45706086.0,169333.0488,0.6949662037,2011,0
1472,Ukraine,44132049.0,156617.8614,0.5152140482,2020,0
1473,Ukraine,47812949.0,52010.23872,0.5848657859,2003,0
1474,Ukraine,47451626.0,67220.15416,0.652203468,2004,0
1475,Ukraine,47105171.0,89239.37011,0.6678640994,2005,0
1476,Ukraine,46787786.0,111884.7525,0.6707754055,2006,0
1477,Ukraine,46509355.0,148733.8614,0.6530826622,2007,0
1478,Ukraine,46258189.0,188111.1406,0.6986364953,2008,0
1479,Ukraine,46053331.0,121552.7775,0.6709054726,2009,0
1480,Ukraine,45870741.0,141209.8644,0.6748598971,2010,0
1481,Ukraine,49176500.0,32375.28032,0.5765693579,2000,0
1482,Ukraine,45593342.0,182592.4165,0.6575923234,2012,0
1483,Ukraine,45489648.0,190498.8115,0.7120408688,2013,0
1484,Ukraine,45272155.0,133503.4114,0.6799137529,2014,0
1485,Ukraine,45154036.0,91030.95945,0.6172925851,2015,0
1486,Ukraine,45004673.0,93355.99363,0.5344972819,2016,0
1487,Ukraine,44831135.0,112090.5304,0.5278337102,2017,0
1488,Ukraine,44622518.0,130891.0498,0.5280883356,2018,0
1489,Ukraine,44386203.0,153882.982,0.5063451493,2019,0
1490,Ukraine,48662400.0,39309.58098,0.6116756081,2001,0
1491,United Arab Emirates,3275333.0,104337.3724,-0.6579888735,2000,1
1492,United Arab Emirates,3454198.0,103311.6406,-0.5453523174,2001,1
1493,United Arab Emirates,9211657.0,417989.7217,0.2020426811,2019,1
1494,United Arab Emirates,3633655.0,109816.2015,-0.5257469199,2002,1
1495,United Arab Emirates,3813443.0,124346.3581,-0.3795477771,2003,1
1496,United Arab Emirates,3993339.0,147824.3703,-0.261483354,2004,1
1497,United Arab Emirates,4280993.0,180617.468,-0.1757115013,2005,1
1498,United Arab Emirates,4898954.0,222116.5419,-0.09872271,2006,1
1499,United Arab Emirates,5872624.0,257916.1334,-0.1739740656,2007,1
1500,United Arab Emirates,6988685.0,315474.6157,-0.2156018258,2008,1
1501,United Arab Emirates,9287289.0,349473.0153,0.1530116253,2020,1
1502,United Arab Emirates,7992644.0,253547.3587,-0.2230180035,2009,1
1503,United Arab Emirates,8664969.0,384610.1254,0.0402228384,2012,1
1504,United Arab Emirates,8751847.0,400218.5297,0.0685259944,2013,1
1505,United Arab Emirates,8835951.0,414105.3668,0.1124639083,2014,1
1506,United Arab Emirates,8916899.0,370275.4696,0.0989096238,2015,1
1507,United Arab Emirates,8994263.0,369255.3262,0.1799313266,2016,1
1508,United Arab Emirates,9068296.0,390516.804,0.1434695509,2017,1
1509,United Arab Emirates,9140169.0,427049.4321,0.1029257433,2018,1
1510,United Arab Emirates,8575205.0,350666.0584,0.0067595991,2011,1
1511,United Arab Emirates,8481771.0,289787.4527,-0.1317686999,2010,1
1512,Uruguay,3391662.0,57236.01309,0.1677954946,2014,0
1513,Uruguay,3402818.0,53274.30422,0.1953840563,2015,0
1514,Uruguay,3413766.0,57236.65249,0.1712655437,2016,0
1515,Uruguay,3429086.0,53560.75505,-0.0041411368,2020,0
1516,Uruguay,3427042.0,64515.03827,0.0775294456,2018,0
1517,Uruguay,3428409.0,61231.14988,0.0089062291,2019,0
1518,Uruguay,3381180.0,57531.23335,0.1924499182,2013,0
1519,Uruguay,3422200.0,64233.96686,0.2200782912,2017,0
1520,Uruguay,3300939.0,20898.78842,0.348802405,2001,0
1521,Uruguay,3336126.0,30366.21312,0.0617651661,2008,0
1522,Uruguay,3361637.0,47962.4393,0.0491169788,2011,0
1523,Uruguay,3352651.0,40284.48165,0.0589653716,2010,0
1524,Uruguay,3344156.0,31660.91128,0.0956453906,2009,0
1525,Uruguay,3328651.0,23410.57263,0.1306032811,2007,0
1526,Uruguay,3322282.0,19579.45797,0.2149241644,2006,0
1527,Uruguay,3317665.0,17362.85768,0.2686675912,2005,0
1528,Uruguay,3313801.0,13686.32989,0.1759906792,2004,0
1529,Uruguay,3310202.0,12045.63109,0.1475374741,2003,0
1530,Uruguay,3306441.0,13606.4946,0.2986990713,2002,0
1531,Uruguay,3371133.0,51264.39012,0.0775500602,2012,0
1532,Uruguay,3292224.0,22823.2558,0.3181029199,2000,0
1533,Uzbekistan,24964450.0,11401.42133,-0.3189834564,2001,0
1534,Uzbekistan,34232050.0,59894.30535,-0.5531343398,2020,0
1535,Uzbekistan,25271850.0,9687.788513,-0.3497970915,2002,0
1536,Uzbekistan,25567650.0,10134.45344,-0.4932385557,2003,0
1537,Uzbekistan,25864350.0,12030.02355,-0.6619635204,2004,0
1538,Uzbekistan,26167000.0,14307.50984,-0.6429896634,2005,0
1539,Uzbekistan,26488250.0,17330.83385,-0.6034453668,2006,0
1540,Uzbekistan,26868000.0,22311.39393,-0.5947771832,2007,0
1541,Uzbekistan,27302800.0,29549.43888,-0.6992618943,2008,0
1542,Uzbekistan,27767400.0,33689.22367,-0.6868113137,2009,0
1543,Uzbekistan,28562400.0,49765.6764,-0.7499417532,2010,0
1544,Uzbekistan,24650400.0,13760.51397,-0.2071292254,2000,0
1545,Uzbekistan,29774500.0,67517.34921,-0.6183002487,2012,0
1546,Uzbekistan,30243200.0,73180.03669,-0.6818628721,2013,0
1547,Uzbekistan,30757700.0,80845.38438,-0.5803001464,2014,0
1548,Uzbekistan,31298900.0,86196.26519,-0.5919502739,2015,0
1549,Uzbekistan,31847900.0,86138.28862,-0.6281071911,2016,0
1550,Uzbekistan,32388600.0,62081.3233,-0.5330676724,2017,0
1551,Uzbekistan,32956100.0,52633.14381,-0.4924361104,2018,0
1552,Uzbekistan,33580350.0,59907.67403,-0.5013198122,2019,0
1553,Uzbekistan,29339400.0,60178.9093,-0.664533019,2011,0
1554,Zimbabwe,13025785.0,14101.92031,-0.7070395119,2011,1
1555,Zimbabwe,15052184.0,34156.06992,-0.8265988587,2018,1
1556,Zimbabwe,14751101.0,17584.89094,-0.7822915339,2017,1
1557,Zimbabwe,14452704.0,20548.67807,-0.7569696843,2016,1
1558,Zimbabwe,14154937.0,19963.12061,-0.6875936822,2015,1
1559,Zimbabwe,13855753.0,19495.51963,-0.6413755655,2014,1
1560,Zimbabwe,13555422.0,19091.01999,-0.7811162172,2013,1
1561,Zimbabwe,13265331.0,17114.84988,-0.8373395677,2012,1
1562,Zimbabwe,12839771.0,12041.65518,-0.4414252193,2010,1
1563,Zimbabwe,12224753.0,5755.2152,-0.3259817565,2005,1
1564,Zimbabwe,12550347.0,4415.7028,-0.2336050194,2008,1
1565,Zimbabwe,12450568.0,5291.9501,-0.231089301,2007,1
1566,Zimbabwe,12330490.0,5443.8965,-0.2651277341,2006,1
1567,Zimbabwe,15354608.0,21832.23493,-0.798136741,2019,1
1568,Zimbabwe,12160881.0,5805.5984,-0.3443379888,2004,1
1569,Zimbabwe,12075828.0,5727.5918,-0.3458136467,2003,1
1570,Zimbabwe,11984644.0,6342.1164,-0.3423876399,2002,1
1571,Zimbabwe,11910978.0,6777.3847,-0.3937829691,2001,1
1572,Zimbabwe,11834676.0,6689.9576,-0.2885791841,2000,1
1573,Zimbabwe,12679810.0,9665.793264,-0.3817707795,2009,1
1574,Zimbabwe,15669666.0,21509.69841,-0.8935691018,2020,1
