1998,1999,2000,2001,2002,2003,2004,2005,2006,2007,2008,2009,2010,2011,2012,2013,2014,2015,2016,2017,2018,2019,2020,2021,Country,Country ID
,,,,,,,,,,,,,,,,,,,,,-1.112906209,-1.185703325,-1.203486987,Afganistán,asafg
,,,,,,,,,,-0.031906736,0.340078601,0.248110407,-0.017323214,-0.598967174,-0.567793397,-0.503787703,-0.620994808,-0.666860093,-0.547083644,-0.456227078,-0.354051154,-0.337132134,-0.192163547,Albania,eualb
1.749409361,1.69638611,1.747584127,1.831887641,1.892757129,1.927863179,1.978391808,1.953376406,1.886219764,1.815796224,1.851269244,1.883222806,1.853938741,1.8996396,1.91276865,1.899078066,1.833499401,1.885158037,1.915196974,1.906271371,1.885745075,1.889073886,1.884883566,1.807231608,Alemania,eudeu
-1.060976879,-2.169690577,-2.181598785,-2.318456307,-2.310729417,-1.994777241,-1.942881976,-1.590218327,-1.712083122,-1.732374701,-1.961651276,-1.819582474,-1.738416327,-1.747615728,-1.710403452,-1.544626377,-1.525030654,-1.525472305,-1.527001083,-1.533977461,-1.513377897,-1.593517932,-1.423697839,-1.431039191,Angola,afago
0.287563064,0.105276579,0.025557855,0.212626724,0.18021957,0.168863728,0.192363322,0.28418088,0.232403344,0.355588836,0.20042688,0.209312479,0.452936351,0.509373844,0.628706979,0.806421408,0.789228864,0.834375205,0.759029304,0.74119478,0.768618368,0.867186033,0.877845742,0.899810619,Arabia Saudita,assau
-0.994313899,-0.90091113,-1.064802036,-0.804064099,-0.99407412,-0.91454216,-1.071764998,-0.987399951,-1.011425404,-0.876184113,-1.050713425,-0.97425059,-0.858011099,-0.731440041,-1.227033807,-1.125058021,-1.221800819,-1.048917045,-0.996434561,-1.034703596,-1.04892317,-1.042459167,-1.206389665,-0.877724021,Argelia,afdza
0.333987847,0.312226077,0.348330133,0.413292582,0.376434186,0.286996698,0.285798485,0.265321803,0.278136641,0.329037002,0.324837774,0.33625552,0.33068796,0.294907907,0.347407726,0.423977335,0.435378084,0.399135782,0.27692369,0.222105645,0.143736482,0.142198897,0.067971662,0.074316851,Argentina,saarg
,,,,,,,,,,,,,,,0.118526766,0.106474365,0.036587552,0.007825436,-0.158781646,-0.33314444,-0.343023172,-0.338571038,-0.190567499,Armenia,asarm
0.642443269,0.550697385,0.53112031,0.477168353,0.407353072,0.305019507,0.186525794,0.16953527,0.119020887,0.154141928,0.106215977,0.034385744,-0.092226047,-0.199491194,-0.060396059,-0.018582568,-0.056347215,-0.055364998,-0.032233922,-0.150597726,-0.19295662,-0.266185579,-0.320462946,-0.405519767,Australia,ocaus
1.415605168,1.440558085,1.462891111,1.52208617,1.557039272,1.543852416,1.576170157,1.545568031,1.561639076,1.539191308,1.52686392,1.540591404,1.520039808,1.553369868,1.557414615,1.554993923,1.523508194,1.539520367,1.546923914,1.552513188,1.518016079,1.553620844,1.540138145,1.497664285,Austria,euaut
,,,0.105137229,-0.022327274,-0.142255068,-0.272923296,-0.154423896,-0.338836548,-0.248609537,-0.541635312,-0.814083611,-0.617753069,-0.431106515,-0.336180265,-0.432387257,-0.504950094,-0.580013079,-0.523021655,-0.436572664,-0.61419442,-0.515676756,-0.537155574,-0.518772714,Azerbaiyán,asaze
-1.828362242,-1.578523031,-1.424107026,-1.528634965,-1.583960045,-1.58609485,-1.532234014,-1.417052879,-1.320153554,-1.131659744,-1.053846076,-1.118540554,-1.225945612,-1.302313694,-1.321357844,-1.291331142,-1.163745471,-1.345053332,-1.43279138,-1.314373634,-1.214724152,-1.087152519,-1.140355376,-0.845227249,Bangladesh,asbgd
,1.158022854,1.213470483,1.275307357,1.334751,1.356500714,1.343101514,1.340878659,1.279888582,1.271958551,1.273655398,1.25542409,1.304277492,1.402775301,1.418923594,1.416231307,1.351638236,1.391025555,1.388659865,1.366778997,1.331892824,1.298083242,1.341554324,1.282530457,Bélgica,eubel
,,,,,,,,,,,,,,,,,,,,,,,-0.60970478,Benin,afben
0.689381612,0.594947,0.593441107,0.580059081,0.583745781,0.632408708,0.753650463,0.725873145,0.789200399,0.827590278,0.827991138,0.865997305,0.864556835,0.855932858,0.876455077,0.92645349,0.902656095,0.89232357,0.779464248,0.764071904,0.773031289,0.781531724,0.780057477,0.836929538,Bielorrusia,eublr
,,,-1.485551639,-1.559474254,-1.651808428,-1.482725469,-1.443055853,-1.363813402,-1.406020634,-1.466468984,-1.496327241,-1.634412401,-1.672365774,-1.542786563,-1.498216865,-1.510462777,-1.501861041,-1.508986543,-1.255684707,-1.143501207,-1.092108568,-1.139572494,-0.85206565,Birmania,asmmr
,,-0.272327939,-0.339518631,-0.5534507,-0.671394322,-0.723600281,-0.872102115,-0.79298239,-0.767415929,-0.719434582,-0.937604044,-1.018233683,-1.053273236,-0.613140268,-0.63257819,-0.627080083,-0.898565715,-0.923811434,-0.842940116,-0.956063666,-1.004537067,-0.981147969,-0.973478251,Bolivia,sabol
,,,,,,,0.238591936,0.359305708,0.342533781,0.389990477,0.400968692,0.40562452,0.464844575,0.443124922,0.490199523,0.51313905,0.406189279,0.439945019,0.502353587,0.538709558,0.584495778,0.5140083,0.65129487,Bosnia y Herzegovina,eubih
,,,-0.2676675,-0.626020092,-0.608840087,-0.608801917,-0.823083168,-0.879835254,-0.860716439,-0.586167191,-0.22177896,-0.15328094,-0.211334524,-0.297801211,-0.504869663,-0.362742434,-0.350853869,-0.52291971,-0.408473477,-0.4032417,-0.393651963,-0.573681215,-0.669418093,Botswana,afbwa
0.67819147,0.594607744,0.594170253,0.569878433,0.607351008,0.576388716,0.641417667,0.664689807,0.673706086,0.752208474,0.743437826,0.658222393,0.658196869,0.696845202,0.701352589,0.732804223,0.682209806,0.671455387,0.545673383,0.523580386,0.5174111,0.449978498,0.439039176,0.330266702,Brasil,sabra
0.053655512,0.114750611,0.146297609,0.125225959,0.113718455,0.069842383,0.156479041,0.131705578,0.183406566,0.283731152,0.360033312,0.373142375,0.34191471,0.373421422,0.408931311,0.452498595,0.466117707,0.424169762,0.425946857,0.448781827,0.45158845,0.48670617,0.524700975,0.63261475,Bulgaria,eubgr
,,,,,,,,,,,,,-1.20512575,-1.320593175,-1.450212817,-1.11095467,-1.096285026,-1.277142653,-1.462770196,-1.51414797,-1.443097307,-1.67935059,-1.786028932,Burkina Faso,afbfa
,,,-1.56610722,-1.644111179,-1.663751456,-1.652029515,-1.735385058,-1.661021017,-1.407464138,-1.360670721,-1.317346258,-1.486593105,-1.50284146,-1.488863361,-1.378976551,-1.218796102,-1.140648925,-1.15985868,-0.90662743,-0.955869274,-0.901985449,-0.959380154,-0.642855721,Camboya,askhm
-1.711049418,-1.794000344,-1.875661155,-1.720480301,-1.371964735,-1.30251861,-1.218481661,-1.641286823,-1.857581987,-1.265701365,-1.076788321,-1.048141021,-1.13429749,-1.02464741,-1.058548541,-0.911587831,-0.778080981,-0.76357754,-0.732116134,-0.908387843,-1.116615405,-1.133588708,-1.234066935,-1.361459579,Camerún,afcmr
1.1823041,1.042600272,1.031742875,1.070784687,1.076426908,1.057598969,1.034314815,1.005362694,0.921155833,0.902549264,0.891024635,0.936013187,0.938953385,0.943727662,0.956903893,0.946859738,0.970287218,0.982031067,0.930565988,0.912744012,0.920534976,0.936421371,0.907488634,0.899240097,Canadá,nacan
,,,,,,,,-1.447634851,-1.823546104,-2.16480164,-0.874048888,0.210090512,0.203453049,-0.933360823,-2.370518431,-2.172327095,-2.206006376,-1.222291679,-1.537332453,,,,-1.932142867,Chad,aftcd
0.988313399,1.009230627,1.073331533,1.192129782,1.272686866,1.307761425,1.343921696,1.376383664,1.379739039,1.408252904,1.44507397,1.518768062,1.52082528,1.621017674,1.598187418,1.621219355,1.593729452,1.597964022,1.607431709,1.616591795,1.622619682,1.63077628,1.582684766,1.564132814,Chequia,eucze
0.285005923,0.146704271,0.066634716,0.0387318,-0.066416359,-0.167817576,-0.242418665,-0.232701034,-0.234087886,-0.212082601,-0.258008259,-0.244650078,-0.240789489,-0.192223882,-0.075646893,-0.029707715,6.09E-05,-0.090544514,-0.145007577,-0.198061661,-0.153423439,-0.20515656,-0.222083778,-0.222360315,Chile,sachl
-0.46127641,-0.283640631,-0.085390622,-0.031165834,-0.022667276,-0.010243356,0.201750679,0.232194457,0.398342471,0.536497047,0.679447362,0.676504919,0.698413834,0.774726414,0.817557821,0.859233799,0.861700564,0.852827471,0.818481697,0.886246963,0.925391928,0.974627424,0.974141289,1.070764973,China,aschn
0.490305191,0.690916619,0.864445768,1.032073566,1.119936489,1.220157129,1.403377889,1.406123009,1.523307297,1.564723572,1.615724695,1.591087105,1.616449631,1.729293508,1.810705013,1.847519577,1.754434264,1.808709801,1.856409145,1.92394326,1.943447303,1.988194734,1.979542095,1.928828885,China Taipéi,asxxb
-0.047504251,-0.029463062,-0.019357215,0.059110254,0.068882079,-0.030929747,-0.052819746,-0.122898153,-0.019424394,0.019700957,-0.023112563,-0.043151393,-0.043683775,0.010676004,0.006197626,0.078614628,0.180293984,0.084812498,0.11170018,0.168285322,0.18143721,0.169936445,0.147644839,0.138695142,Colombia,sacol
,,-1.660049429,-1.489938268,-1.789018752,-1.90240307,-1.985760029,-1.939234907,-1.964225726,-1.691378993,-1.333969488,-1.163354683,-1.296278794,-1.485994959,-1.194762004,-1.370266675,-1.321440573,-1.38178808,-1.132757469,-0.948478649,-0.955766734,-1.039882608,-1.053645056,-1.017637629,"Congo, República del",afcog
,,,,,,,,,-1.728785643,-1.349715839,-1.642614884,-1.660775555,-1.104427128,-1.144442516,-1.089619248,-1.57161858,-1.334139993,-1.547092868,-1.383995643,-1.488338404,-1.438382339,-1.474660716,-1.809867088,"Congo, República Democrática del",afcod
,,,,,,,,,0.834319608,0.883938891,0.811727212,0.659233027,0.549020183,0.330313598,0.087517397,0.053991896,-0.137453503,-0.248836909,-0.283154534,-0.142357324,,,,Corea del Norte,asprk
0.445670438,0.543855802,0.599548226,0.74319919,0.857513958,0.918976886,1.146321501,1.227504538,1.381778975,1.437565035,1.475054019,1.462150599,1.493738583,1.59196226,1.640471714,1.706250557,1.675063559,1.735086979,1.808829935,1.775433879,1.839587845,1.8586468,1.872630643,1.824753927,Corea del Sur,askor
-0.281358465,-0.150395662,-0.072036725,0.041592402,0.000130489,0.036797421,-0.004214944,-0.021569345,0.053007336,0.192749439,0.126246514,0.084915468,-0.052298169,-0.04066935,-0.010992142,0.119205667,0.252253966,0.296466047,0.212121362,0.211171528,0.189498373,0.230065061,0.186669715,0.243577587,Costa Rica,nacri
-1.307940317,-1.451816645,-1.042762279,-0.779046611,-0.737304922,-0.75661629,-0.713707638,-0.654215218,-0.825797369,-0.812865568,-0.963189304,-1.120688187,-1.22244902,-1.167581585,-1.229738115,-1.125326506,-0.947248382,-0.882771448,-0.901246197,-0.945550264,-1.012658876,-1.099630577,-1.045736778,-1.187799412,Côte d'Ivoire,afciv
0.315091864,0.381103435,0.368123897,0.362622953,0.327621578,0.357501696,0.407682448,0.429533723,0.487968906,0.568113674,0.621819726,0.626967437,0.645149768,0.635461335,0.702349374,0.738949435,0.751299547,0.677645017,0.708207847,0.700981529,0.707099198,0.750305129,0.742821207,0.805860515,Croacia,euhrv
,-0.046256641,-0.158499178,-0.228071401,-0.430508262,-0.303409761,0.088978357,0.208034965,0.360170184,0.3634192,0.227578454,-0.220485141,-0.141119667,-0.188424427,-0.138327805,-0.001397443,-0.074440042,-0.210248619,,,,,,,Cuba,nacub
1.137880417,1.184658082,1.190813409,1.157807234,1.15689908,1.156930273,1.154427059,1.098806246,1.032848194,1.020284538,1.046273222,1.042884858,1.036896232,1.037129189,1.052475919,1.048920874,1.025555514,1.031094672,1.018571757,1.003988217,0.972375174,0.983425764,0.975902426,1.016850313,Dinamarca,eudnk
-0.660511897,-0.704662077,-0.757065042,-0.765643191,-0.896933277,-0.947049257,-1.002775393,-0.988708322,-0.899152045,-0.677580427,-0.806801576,-0.939641955,-0.808797782,-0.683162803,-0.582949129,-0.632051443,-0.616935379,-0.770796639,-0.999633618,-0.944363585,-0.830426818,-0.912674462,-0.981909749,-0.886045022,Ecuador,saecu
-0.747888074,-0.608609021,-0.517984095,-0.556512441,-0.539041979,-0.515640849,-0.38807483,-0.365702766,-0.390258674,-0.318617328,-0.277117081,-0.290437878,-0.301347967,-0.337858774,-0.385675635,-0.251850949,-0.157578297,-0.187634959,-0.168960951,-0.088690354,-0.113450319,-0.122160653,-0.15887115,-0.09890939,Egipto,afegy
-0.364793238,-0.210780542,-0.281664466,-0.368521977,-0.422808253,-0.516577232,-0.443323266,-0.443394497,-0.405903244,-0.295833396,-0.28692996,-0.335189887,-0.369693064,-0.349318049,-0.345686524,-0.254225721,-0.192409936,-0.229533559,-0.258253923,-0.085715213,-0.107871313,-0.059048156,-0.149168985,-0.037354974,El Salvador,naslv
-0.904977802,-0.785592103,-0.657988874,-0.545352317,-0.52574692,-0.379547777,-0.261483354,-0.175711501,-0.09872271,-0.173974066,-0.215601826,-0.223018004,-0.1317687,0.006759599,0.040222838,0.068525994,0.112463908,0.098909624,0.179931327,0.143469551,0.102925743,0.202042681,0.153011625,0.161373834,Emiratos Árabes Unidos,asare
0.733697444,0.716576011,0.728316147,0.819021505,0.845278996,0.868068889,0.938150906,0.963022593,1.001106523,1.075899904,1.105565825,1.207723358,1.202131161,1.268414823,1.258327586,1.272491633,1.25766144,1.25497099,1.259855724,1.295100875,1.318458883,1.337937707,1.332318367,1.306531879,Eslovaquia,eusvk
0.957018353,1.005689024,1.045155177,1.132587544,1.133725735,1.201115985,1.238601235,1.260276461,1.309614185,1.318106129,1.342354095,1.373665989,1.358795074,1.415949344,1.407933536,1.430149657,1.400832442,1.413005655,1.467236396,1.497180961,1.469172017,1.455496195,1.458230726,1.418681046,Eslovenia,eusvn
0.933516082,0.951108397,0.998797827,1.05741575,1.007839321,0.981025658,0.923984186,0.891118201,0.890914052,0.897260167,0.878002566,0.891879763,0.84596964,0.840061045,0.812556887,0.834857202,0.824378102,0.797481992,0.776108371,0.774579544,0.773935414,0.77756468,0.763129157,0.781043113,España,euesp
1.680791121,1.607006224,1.660990483,1.701258977,1.698210555,1.707583715,1.694205951,1.652593555,1.619117981,1.557677334,1.583626518,1.568067002,1.589867561,1.619525963,1.61463605,1.603283515,1.564155313,1.59359449,1.610408447,1.572638847,1.560801257,1.553339231,1.546469929,1.463427482,Estados Unidos,nausa
,,,,,,,,,,,,,-0.828043635,-0.998381043,-1.026258265,-0.968702628,-0.97583474,-0.985916378,-0.837359652,-0.67603606,-0.771222953,-0.866615981,-0.798047429,Etiopía,afeth
-1.011376478,-0.731895406,-0.532997649,-0.477840818,-0.350186138,-0.27330706,-0.092059302,-0.188471391,-0.106990882,0.061966989,0.302535525,0.201478699,0.229839644,0.370105962,0.35453281,0.367951028,0.361897364,0.351422626,0.377585061,0.525382198,0.614602168,0.587556009,0.564821859,0.717583649,Filipinas,asphl
1.609324872,1.55410966,1.586676964,1.656022371,1.671710508,1.678420588,1.730114391,1.748842244,1.695498336,1.626918668,1.584419689,1.653690702,1.601916795,1.611437862,1.561293043,1.574420954,1.545147895,1.5399407,1.504796745,1.483026987,1.473395465,1.46536969,1.48422276,1.416627523,Finlandia,eufin
1.434742256,1.37284882,1.37778244,1.440871831,1.461734175,1.514367909,1.514738733,1.474168389,1.402189343,1.367566675,1.388405247,1.407981479,1.417077732,1.449287615,1.456942742,1.449165901,1.382787213,1.395695701,1.395101307,1.387147713,1.370506312,1.352071257,1.35268049,1.345893703,Francia,eufra
-0.976769041,-1.248662539,-1.069783496,-1.37873221,-1.612419542,-1.491729477,-1.596664803,-1.709466571,-1.700494574,-2.042520694,-1.705338032,-1.946020426,-1.876926426,-1.975633074,-1.733217663,-1.785673516,-1.834771906,-1.346558563,-1.902453695,-1.708849922,-1.523135598,-1.506192044,-1.375684621,-1.414719471,Gabón,afgab
,,,,,,,,,0.258688233,0.095363619,0.039152115,0.025094417,0.066610327,0.146001716,0.089511776,-0.000243255,0.031734055,0.026887309,-0.010639025,0.006335397,0.051595846,-0.052519993,-0.009701447,Georgia,asgeo
,-1.272290151,-1.354531122,-1.232428757,-1.423266277,-1.348438331,-1.235882465,-1.150804071,-1.356690417,-1.175912934,-1.103745005,-1.288173618,-1.205117691,-1.036232175,-1.003598076,-0.925724526,-0.960936265,-0.90285599,-0.979379563,-1.076775765,-1.30351652,-1.319842209,-1.292320954,-1.266546459,Ghana,afgha
0.103151275,0.208283051,0.238767087,0.251350963,0.240629544,0.235132193,0.241543816,0.224304354,0.212064617,0.272400344,0.240385698,0.225224726,0.224267463,0.218375866,0.209744988,0.254664278,0.301397937,0.259870409,0.259503746,0.333579356,0.274950118,0.260264283,0.255552291,0.322046366,Grecia,eugrc
-0.48579084,-0.429576147,-0.343446774,-0.462005731,-0.435855202,-0.387005125,-0.353544393,-0.45294086,-0.442545591,-0.351785792,-0.340079635,-0.466547438,-0.539598766,-0.515619267,-0.48973543,-0.465015933,-0.349323388,-0.365925693,-0.410405703,-0.32497771,-0.361594778,-0.322378848,-0.384295515,-0.237042685,Guatemala,nagtm
,,,,,,,,,-1.68621371,-2.022730268,-2.089897491,-1.862390444,-1.770494109,-1.966534447,-1.613175217,-1.598852191,-1.36651922,-1.638265812,-1.579349664,-1.716308095,-1.637875204,-1.671426889,-1.844747328,Guinea,afgin
-0.998990013,-0.819456112,-0.805175943,-0.932426944,-1.036602945,-1.042202838,-0.899159417,-0.961755347,-0.926290065,-0.71748341,-0.679764142,-0.746857881,-0.770069733,-0.807838211,-0.732754224,-0.639345044,-0.542927288,-0.594295228,-0.583850393,-0.608496607,-0.524051011,-0.548188147,-0.599257016,-0.499115517,Honduras,nahnd
-0.443472856,-0.182645867,0.016411123,0.067980595,0.127560535,0.144173936,0.274628986,0.316580555,0.414954389,0.511634862,0.67165863,0.664930231,0.672889057,0.770338722,0.837693656,0.853343241,0.811574447,0.86371384,0.919905005,0.950743298,0.999035375,1.035761036,1.102620397,1.155836357,Hong Kong,ashkg
0.562974144,0.649698711,0.710603637,0.80132991,0.853954269,0.934091108,1.011044149,1.014436274,1.128701972,1.179463818,1.259475161,1.301399693,1.292352051,1.391145611,1.37678922,1.377304229,1.397273425,1.400481898,1.428204257,1.421772597,1.42775755,1.414052186,1.412558373,1.359776915,Hungría,euhun
-0.175054009,-0.097410986,-0.016879664,0.070000812,0.060846875,0.090131678,0.153538819,0.203120229,0.222061931,0.27850842,0.30899991,0.301410604,0.280112492,0.287784975,0.340660267,0.356354901,0.35428387,0.405146425,0.409558109,0.476574578,0.478509945,0.520710813,0.561377682,0.609017762,India,asind
-0.840555585,-0.675576133,-0.551249545,-0.484044964,-0.485592573,-0.482462952,-0.377000953,-0.383985996,-0.313466137,-0.172230454,-0.159968125,-0.206028001,-0.293809937,-0.316520973,-0.331928847,-0.287679847,-0.214109575,-0.207426789,-0.167725865,-0.158838123,-0.129046821,-0.061340068,-0.074292609,0.042303701,Indonesia,asidn
-1.942960012,-2.848914366,-2.604499569,-1.275151779,-1.334313181,-0.272440095,-0.95275996,-0.90766474,-1.280616664,-1.689621269,-1.668672832,-1.681841687,-1.645087689,-1.707996918,-1.574724126,-1.266095807,-1.300926063,-0.570890074,-0.802612602,-0.930477112,-0.822608865,-0.546551306,-0.671442093,-1.12350157,Irak,asirq
-0.202329805,-0.359570036,-0.465455098,-0.377765478,-0.509592912,-0.534977984,-0.378572225,-0.320556257,-0.197783425,-0.218301772,-0.331795775,-0.328370055,-0.277865766,-0.170428367,-0.12764813,0.011475414,0.10335741,0.097119066,0.02125839,-0.026094003,-0.054023048,-0.103515747,-0.113679479,-0.090550403,Irán,asirn
1.388590763,1.406761004,1.442632634,1.535050791,1.629560467,1.659703118,1.633056436,1.646685351,1.475581683,1.400413119,1.325671319,1.364110034,1.358665854,1.302665115,1.404882902,1.372158179,1.31549525,1.332679036,1.354516755,1.389514182,1.272858767,1.267470926,1.30872412,1.288973155,Irlanda,euirl
1.043629671,1.052131107,1.179885763,1.191224124,1.273393595,1.213144376,1.238874391,1.160911125,1.104544992,1.210381047,1.249939912,1.17686159,1.239943859,1.253997396,1.258572096,1.218090323,1.241754275,1.259294784,1.229762763,1.233677939,1.184860761,1.155544679,1.153723549,1.21288648,Israel,asisr
1.115313728,1.142157047,1.191419102,1.259498115,1.248187252,1.218194373,1.244768078,1.229991871,1.247279792,1.251884138,1.260544419,1.301325175,1.266442257,1.328774543,1.308536164,1.310897315,1.299350204,1.300888207,1.293892953,1.304038729,1.304127875,1.325450562,1.306532334,1.271406281,Italia,euita
-0.972724765,-0.7861681,-0.667560113,-0.725448487,,,-0.621239632,-0.504277621,-0.464441352,-0.363677314,-0.354426682,-0.278580571,-0.300375405,-0.219124895,-0.235645606,-0.360183238,-0.264368199,-0.287083542,,,-0.269472994,-0.286622695,-0.373227543,-0.22768268,Jamaica,najam
1.706574051,1.680443077,1.8054461,1.917052028,1.937839469,1.996125892,2.15089192,2.127531369,2.131800327,2.065159961,2.110341625,2.115455652,2.120407095,2.231290921,2.26069174,2.220912056,2.122116294,2.149539963,2.192862157,2.182381804,2.207338231,2.203985673,2.190882948,2.061968474,Japón,asjpn
0.313156839,0.444945097,0.346651585,0.272936926,0.176131025,0.017095147,-0.070313941,-0.228538156,-0.139779919,-0.119795544,-0.043662902,-0.062528061,0.004015659,-0.007928698,-0.001385041,0.052462746,0.09016036,0.03386313,-0.039890492,-0.046245888,-0.036735432,-0.024399389,-0.078523708,0.027080178,Jordania,asjor
-1.902488118,-1.54854994,-1.208202044,-0.938128881,-0.73292482,-0.773043466,-0.520829485,-0.223776984,-0.260098755,-0.206885445,-0.214243868,-0.2302975,-0.061440734,0.068515661,-0.147825021,0.089536296,0.058034907,0.02427582,0.109394254,-0.064005845,-0.138385103,-0.121047737,-0.046565456,-0.17344939,Katar,asqat
0.339139964,-0.085578594,-0.24836073,-0.151504222,-0.275049668,-0.389502437,-0.515917664,-0.529077648,-0.436640841,-0.406979107,-0.412667843,-0.36061368,-0.420561352,-0.31127152,-0.15160584,-0.04618022,-0.072856469,-0.069260744,-0.07583192,-0.162543623,-0.224496286,-0.270653043,-0.24476533,-0.281652114,Kazajstán,askaz
-0.151488713,-0.182029955,-0.190528015,-0.221882617,-0.328648063,-0.44584629,-0.512948129,-0.467208782,-0.382811668,-0.285479471,-0.300096552,-0.38816342,-0.406778595,-0.495707748,-0.534513949,-0.525105139,-0.393349279,-0.461575439,-0.584048318,-0.564789624,-0.473000519,-0.4783259,-0.488693857,-0.4587327,Kenia,afken
,,,,,,,,,,,,,-0.34952599,-0.279723098,-0.185461343,-0.127726032,-0.067448739,-0.063499592,-0.016366083,-0.078867893,-0.172397694,-0.212383026,-0.117329247,Kirguistán,askgz
-0.541430958,-0.522575003,-0.625322119,-0.338188609,-0.324470717,-0.4615565,-0.409639197,-0.449555188,-0.373786995,-0.409402441,-0.272563781,-0.024764256,0.340609318,0.142548497,0.215869346,0.222281594,0.235826807,0.275631473,0.168182562,0.189085068,0.123508547,-0.042693132,0.036945149,0.342243572,Kuwait,askwt
,,,,,,,,,,,,-1.216512266,-1.317210988,-1.359359629,-1.238479591,-1.139964093,-1.083255189,-1.113922456,-0.969437252,-0.989043954,-0.942417604,-0.97317872,-0.703949267,Laos,aslao
,,,,,,0.209967222,0.252259306,0.309889135,0.337616767,0.390650047,0.35936701,0.363167221,0.31066723,0.262473895,0.285580529,0.369372295,0.354479998,0.298936378,0.304200416,0.270738206,0.271628398,0.270308278,0.345760741,Líbano,aslbn
-1.071612938,-0.981790162,-1.298638712,-0.81911646,-0.93993179,-0.983238596,-0.754721352,-0.873961772,-0.781124364,-0.870884288,-1.019450458,-0.988555013,-0.583860917,-0.120704883,-0.282458165,-1.086265668,-1.54117861,-1.347731909,-0.959480785,-0.883072859,-1.28109261,-1.427132979,-1.410140374,-1.18002406,Libia,aflby
0.042817487,0.100405508,0.078707307,0.059316006,0.010096784,-0.018505685,0.060656403,0.188161664,0.323209958,0.497969015,0.565700489,0.559089192,0.503965115,0.54129235,0.647068036,0.697876532,0.74849941,0.727423005,0.760885649,0.786152874,0.853912637,0.900160441,0.90574606,0.914731324,Lituania,eultu
-0.161156203,,-0.053832744,,,,-0.340099813,-0.365267719,-0.312133027,-0.218029598,-0.210799101,-0.161468288,-0.238405607,-0.241972436,-0.263360509,-0.169354183,-0.143241684,-0.208294945,-0.243884308,-0.150226352,-0.068876912,0.050965551,0.019579951,0.198160594,Macedonia del Norte,eumkd
,,,,,,,,,,,,,,,-1.124634075,-1.167435584,-1.225037751,-1.333060401,-1.256287344,-1.275340864,-1.237771578,-1.221644261,-1.065484673,Madagascar,afmdg
-0.246845506,-0.056669759,0.065336114,0.29330271,0.465422796,0.511453404,0.678145241,0.603355981,0.680742887,0.777960526,0.842842307,0.829832916,0.84085264,0.942022582,1.01378309,1.079430986,1.025144011,0.959412404,1.001504069,1.022722115,1.020044514,1.018391496,1.033013922,1.087485482,Malasia,asmys
,,,,,,,,,,,,,,,-0.915243738,,,,,,,,,Malawi,afmwi
,,,,,,,,,,-0.63478586,,,-0.760833876,-0.704861444,-0.734561646,-0.876146899,-1.234006324,-1.037010764,-0.837218196,-0.78063071,-0.869326176,-1.066597948,-1.533550722,Malí,afmli
-1.131009379,-0.929720425,-0.791264366,-0.830761881,-0.897830743,-0.931869173,-0.82004476,-0.873811518,-0.775016962,-0.67982459,-0.65932997,-0.640798309,-0.655484409,-0.690371217,-0.699302803,-0.701407911,-0.616443677,-0.71143227,-0.733345014,-0.675844132,-0.651641892,-0.502867895,-0.48639278,-0.282122093,Marruecos,afmar
,,,,,,,,,-1.351514205,-1.348848241,-1.336667029,-1.625393151,-1.194138678,-1.155534181,-1.218563769,-0.970942577,-0.996350154,-0.826041966,-1.023558357,-1.155336647,-1.202259,-1.33908801,-1.31947793,Mauritania,afmrt
0.387317666,0.468291288,0.600451712,0.696599672,0.745685885,0.811606061,0.887787422,0.872755865,0.84565984,0.885855159,0.985618047,0.978740543,0.997728028,1.088153284,1.102342589,1.145342185,1.12258906,1.15371368,1.187800128,1.197801918,1.163900578,1.152926712,1.152208221,1.090937521,México,namex
,,,,,,,,,-0.049751013,-0.031815323,-0.030938676,-0.108343396,-0.17367326,-0.126996128,-0.046653055,-0.034609231,-0.127362786,-0.22049937,-0.223645034,-0.159809777,-0.172905118,-0.141755359,-0.017181584,Moldavia,eumda
,,,,,,,,,-1.157359563,-1.105808609,-0.981973509,-0.906146292,-1.037625818,-0.814925772,-0.915396831,-0.940833089,-0.963339637,-0.818447337,-0.8755325,-0.957957406,-1.061322863,-1.206634881,-1.226788366,Mongolia,asmng
,,,,,,-0.867394332,-0.829889992,-0.987991747,-1.016946197,-1.144542186,-0.958682383,-1.051487474,-1.063710993,-1.191569862,-1.027689122,-1.165910059,-1.090635081,-1.232979288,-1.297777391,-1.275482077,-1.240522393,-1.248504679,-1.364042877,Mozambique,afmoz
,,,,-0.337531598,-0.324356996,-0.411638114,-0.45344851,-0.494697357,-0.561585269,-0.520409126,-0.50960803,-0.395909243,-0.579318714,-0.495762859,-0.502284149,-0.23928882,-0.260122461,-0.38860313,-0.586659206,-0.599938605,-0.659020152,-0.717949745,-0.768854911,Namibia,afnam
,,,,,,,,-1.026325136,-0.835828486,-0.928159285,-0.98202659,-1.087518143,-1.136400267,-1.172135344,-1.142089753,-1.086034234,-1.153132869,-1.267536858,-1.174321172,-1.154485969,-1.030174659,-1.072170524,-1.025332407,Nicaragua,nanic
,,,,,,,,,,,,,,,-0.94863898,-0.797264411,-0.798280222,,-0.753544149,-0.609788479,-0.594195477,-0.713520702,-0.615483913,Níger,afner
-2.280012419,-2.044196928,-2.44086692,-2.337701685,-1.658399543,-1.490918927,-1.613348439,-1.94466463,-1.815145308,-1.889815201,-1.713145887,-1.665108308,-1.758581756,-1.755178181,-1.598581745,-1.387076477,-1.378534964,-1.458087716,-1.317789376,-1.749889689,-1.828962304,-1.643277977,-1.666938348,-1.563898821,Nigeria,afnga
1.089449081,1.003643551,0.95706695,1.04937967,0.812034108,0.778435002,0.800662316,0.873975743,0.858414903,0.905906066,0.839309098,0.914602597,0.951330439,0.912284376,0.882277048,0.876929326,0.862323354,0.889487119,0.882707016,0.773034634,0.699857524,0.683544828,0.705551159,0.693637701,Noruega,eunor
0.806967215,0.733615142,0.635648442,0.72047993,0.670138047,0.620000165,0.543081854,0.572437992,0.576950991,0.577016576,0.537462017,0.477914636,0.423484065,0.444626729,0.497110515,0.538710989,0.539921657,0.501206956,0.448636808,0.368890035,0.37498473,0.420617386,0.445994323,0.460298456,Nueva Zelandia,ocnzl
-0.905533169,-0.836273093,-0.662700629,-0.526364339,-0.461198166,-0.56148413,-0.540668265,-0.753560687,-0.738236852,-0.593366882,-0.531832464,-0.565821435,-0.586237794,-0.528798828,-0.505036802,-0.328807053,-0.258069491,-0.194336961,-0.210210145,-0.199364713,-0.29374542,-0.296315309,-0.205463966,-0.197629439,Omán,asomn
1.257417347,1.203031489,1.236727821,1.318942265,1.301524181,1.300587097,1.293057937,1.227907231,1.212127203,1.262837978,1.258322792,1.16231467,1.176014349,1.200349386,1.216655865,1.224086346,1.181139008,1.177969576,1.199008486,1.181554581,1.150391066,1.119021625,1.113168127,1.092904076,Países Bajos,eunld
-1.490757924,-1.226123876,-1.076559449,-1.193645666,-1.192566557,-1.123927992,-1.075355812,-0.992317778,-0.829449407,-0.747716307,-0.649114041,-0.69421794,-0.740189521,-0.778351177,-0.824567461,-0.812605261,-0.714588624,-0.796835788,-0.838658927,-0.769175688,-0.754575622,-0.686523003,-0.678147951,-0.553059396,Pakistán,aspak
-0.506395478,-0.32370308,-0.217959088,-0.265946763,-0.323341447,-0.335504445,-0.218052332,-0.250744468,-0.099251672,0.025684798,0.218598319,0.143632871,0.174479793,0.284748093,0.368187297,0.420879494,0.348510003,0.241549291,0.178128069,0.241081338,0.186854028,0.179404013,0.228515204,0.309510982,Panamá,napan
,-1.77336345,-1.782337725,-1.875274512,-1.764529691,-1.988345678,-2.09378409,-2.152095095,-2.059212844,-2.271027767,-2.287442171,-2.343338492,-2.329742645,-1.869451215,-1.848221144,-1.75187004,-1.85061285,-1.77793003,-1.874540078,-1.980330909,-2.00977946,-1.669540132,-1.776435794,-1.836633195,Papua Nueva Guinea,ocpng
,,-0.427285611,-0.623216713,-0.641219025,-0.577958491,-0.47985553,-0.602488244,-0.778529571,-0.636600815,-0.674135465,-0.748985106,-0.849963739,-0.850794188,-0.75053877,-0.593374261,-0.520712068,-0.638651372,-0.732534484,-0.533091233,-0.56170101,-0.543991388,-0.421624504,-0.381542304,Paraguay,sapry
-0.493139911,-0.509850852,-0.535557013,-0.542601189,-0.504727504,-0.752794847,-0.889376626,-0.921193458,-0.867137646,-0.725524981,-0.726214609,-0.762215244,-0.82441246,-0.81954775,-0.701910784,-0.61988648,-0.515982811,-0.601447792,-0.619330084,-0.638440716,-0.611873221,-0.622382347,-0.685625653,-0.631489065,Perú,saper
0.516777155,0.539773322,0.589965396,0.625033912,0.651655671,0.667290124,0.768790723,0.789137957,0.850507481,0.935001095,0.962283873,0.985686699,0.980281791,1.015042498,1.002064846,1.019386231,1.009346968,1.010523229,1.016138319,1.051464781,1.073760005,1.061601963,1.041319905,1.005064338,Polonia,eupol
-0.040205054,0.084279016,0.180029538,0.22678622,0.169566417,0.157411023,0.245621943,0.248756118,0.267804685,0.349515536,0.372164161,0.377812253,0.362133369,0.344566001,0.346281718,0.393433556,0.418601359,0.368195577,0.366844763,0.416621813,0.443239893,0.462244259,0.466875043,0.556446024,Portugal,euprt
1.634490656,1.579085579,1.641421452,1.743537163,1.719688532,1.73628752,1.735224368,1.700925219,1.595669463,1.51710955,1.553746227,1.566430469,1.591434118,1.586046169,1.609234264,1.564284174,1.506798286,1.524841168,1.516100804,1.463978259,1.461875913,1.44429906,1.422833811,1.434350868,Reino Unido,eugbr
-1.07980487,-0.783306075,-0.612142092,-0.586336923,-0.587418411,-0.546035837,-0.482856458,-0.533109263,-0.448540532,-0.340271131,-0.257062512,-0.23363309,-0.237404197,-0.189149345,-0.277446527,-0.244880785,-0.1839838,-0.219616277,-0.266590712,-0.216499127,-0.225535598,-0.11675952,-0.145911172,-0.004349626,República Dominicana,nadom
0.043465637,-0.006264079,0.069527368,0.072919804,0.001273677,0.036536853,0.126327473,0.165166263,0.292527066,0.44904382,0.579578217,0.688210166,0.677768984,0.702841402,0.652204718,0.715505586,0.75400661,0.797469376,0.805822946,0.923969535,0.962752962,1.014596309,1.028580581,1.069815946,Rumania,eurou
0.746844653,0.618636742,0.628643971,0.700878894,0.657076019,0.633917208,0.567217646,0.751702749,0.775090916,0.73777135,0.695571321,0.740996318,0.781881199,0.719134047,0.710210095,0.758647534,0.60757405,0.518295427,0.488392597,0.457180884,0.469741826,0.484018247,0.490598009,0.464248512,Rusia,eurus
,,,,,,,,,-0.102952726,-0.241515294,-0.365843405,-0.455966004,-0.491357555,-0.537578777,-0.448769113,-0.373540001,-0.411693691,-0.509382811,-0.492184556,-0.588326085,-0.682597113,-0.696585629,-0.591334086,Senegal,afsen
,,,,,,,,0.557724367,0.573660538,0.583862618,0.567220027,0.565434149,0.563965808,0.529509281,0.606447852,0.612984204,0.562063363,0.567593877,0.607446324,0.654222338,0.664220315,0.67893426,0.738309569,Serbia,eusrb
,,,,,,,,,,,,,,,,-0.638408349,,,,,,,,Sierra Leona,afsle
0.56496255,0.723007323,0.879406323,1.016651898,1.104720558,1.179034582,1.414169593,1.454940831,1.340604856,1.447971178,1.49409813,1.502578153,1.515395857,1.606571498,1.699559774,1.650253111,1.558183437,1.602855444,1.690228665,1.709707441,1.78393871,1.716195411,1.823916914,1.736690068,Singapur,assgp
-1.325522244,-1.077874976,-0.999465048,-0.938633494,-0.871571889,-0.851892005,-0.666652969,-0.685856198,-0.543063468,-0.457205236,-0.457374127,-0.430841362,-0.383380343,-0.3837477,-0.378013201,-0.363154438,0.007629788,,,,,,,,Siria,assyr
-1.472659765,-1.219771728,-1.033184797,-1.048723668,-1.078409041,-1.055106192,-0.945537839,-0.927570483,-0.767958727,-0.632315962,-0.601055402,-0.672677493,-0.764466103,-0.75363068,-0.765485017,-0.759875992,-0.635682398,-0.654029839,-0.722262385,-0.624044419,-0.635490438,-0.49464427,-0.487685211,-0.393715279,Sri Lanka,aslka
0.557779044,0.370642624,0.426636764,0.391210941,0.413910414,0.392808391,0.362887487,0.475760703,0.434195815,0.431951164,0.422618474,0.338803357,0.366025435,0.35278725,0.321852295,0.312308074,0.398009216,0.30981404,0.241209164,0.188941664,0.124860886,0.184400778,0.072371467,0.097598949,Sudáfrica,afzaf
,,,-0.918358516,-0.829344973,-0.828042626,-0.835472772,-1.262223192,-1.68348791,-1.762058341,-1.900441587,-2.060418105,-1.965069123,-2.183855504,-1.647257912,-1.402089776,-1.444328195,-1.382759072,-1.381707144,-1.438250813,-1.433864083,-1.434212203,-1.311212949,-1.334586666,Sudán,afsdn
,,,,,,,,,,,,,,,,-2.940097642,-2.924535603,-2.115556464,-2.159087154,-2.12042781,-2.20315619,,,Sudán del Sur,afssd
1.775182157,1.673274936,1.697311758,1.785834673,1.818591085,1.774862526,1.795896245,1.73559917,1.718532401,1.677275924,1.68383245,1.706376276,1.667965261,1.702193416,1.709242396,1.70769017,1.67948924,1.679360922,1.644250651,1.617661378,1.601366425,1.588827398,1.596517604,1.535557017,Suecia,euswe
1.73814019,1.714921359,1.757054937,1.816733248,1.884463157,1.884793873,1.880859796,1.800399406,1.786434325,1.778223737,1.789295805,1.82508861,1.847064142,1.944840332,2.020624215,1.997668555,1.919013403,1.98910111,2.04839362,2.073110367,2.053206391,2.004722817,2.003071427,1.93999785,Suiza,euche
-0.586063886,-0.324962862,-0.173119553,-0.12380106,-0.062382744,-0.022954789,0.228749328,0.24862501,0.345509545,0.455784108,0.546612512,0.500834379,0.472423654,0.599665556,0.606843375,0.726231597,0.783122325,0.858398732,0.89493941,0.896835599,0.932790022,0.934531401,0.905680503,0.967127851,Tailandia,astha
,,,,,,-1.196463663,-1.0504154,-0.918743084,-0.75654164,-0.728335806,-0.724456232,-0.872684526,-0.85269795,-0.821219333,-0.804095012,-0.76464496,-0.949288577,-1.016313434,-1.053882844,-0.55586672,-0.591382772,-0.639138486,-1.093479095,Tanzania,aftza
,,,,,,,,,,,,,,,,,,,,,,,-0.689627589,Tayikistán,astjk
,,,,,,,,,,,-0.866576597,-0.801203592,-0.734481628,-0.856567698,-0.719053737,-0.588192764,-0.518358526,-0.562720424,-0.703767245,-0.752782859,-0.860035719,-0.88165559,-0.807391579,Togo,aftgo
-0.983957278,-0.704802711,-0.506936243,-0.400541069,-0.361003258,-0.383775291,-0.313619113,-0.309058239,-0.283024149,-0.186275965,-0.141726446,-0.102947955,-0.103950513,-0.062422866,-0.081108371,-0.048851715,0.013435922,-0.03437213,-0.036341255,0.03541271,0.057038106,0.114437607,0.097680433,0.218690906,Túnez,aftun
,,,-1.295217499,-1.034401368,-1.250283848,-1.298547169,-1.227047189,-1.293609623,-1.264228528,-1.362323495,-1.145758804,-1.001857378,-0.961125439,-1.260478107,-1.491091802,-1.128196494,-1.146419618,-0.868887385,-0.8264363,-0.840311448,-0.824612546,-0.564724714,-0.549500275,Turkmenistán,astkm
-0.165454829,-0.044232173,0.036236166,0.014827097,-0.013153017,-0.053922619,0.022275452,0.017862764,0.162168984,0.251259208,0.301681629,0.324977055,0.286284745,0.338102311,0.336613177,0.400029733,0.451820274,0.379254389,0.379919795,0.465911935,0.512613205,0.58163798,0.597472882,0.607041288,Turquía,astur
0.667250806,0.552207129,0.576569358,0.611675608,0.590379055,0.584865786,0.652203468,0.667864099,0.670775406,0.653082662,0.698636495,0.670905473,0.674859897,0.694966204,0.657592323,0.712040869,0.679913753,0.617292585,0.534497282,0.52783371,0.528088336,0.506345149,0.515214048,0.489087147,Ucrania,euukr
,,,,,,,,,,-0.526845699,-0.568947392,-0.548539924,-0.600910193,-0.56312398,-0.498229062,-0.291492343,-0.312297977,-0.416316499,-0.572189878,-0.683588498,-0.798364402,-0.988629132,-0.92334583,Uganda,afuga
0.307019412,0.345597385,0.31810292,0.348802405,0.298699071,0.147537474,0.175990679,0.268667591,0.214924164,0.130603281,0.061765166,0.095645391,0.058965372,0.049116979,0.07755006,0.192449918,0.167795495,0.195384056,0.171265544,0.220078291,0.077529446,0.008906229,-0.004141137,0.103877073,Uruguay,saury
-0.147632507,-0.156654525,-0.207129225,-0.318983456,-0.349797092,-0.493238556,-0.66196352,-0.642989663,-0.603445367,-0.594777183,-0.699261894,-0.686811314,-0.749941753,-0.664533019,-0.618300249,-0.681862872,-0.580300146,-0.591950274,-0.628107191,-0.533067672,-0.49243611,-0.501319812,-0.55313434,-0.376684279,Uzbekistán,asuzb
0.112790239,-0.071713768,-0.074258135,-0.146833229,-0.079176467,-0.158387707,-0.169450716,-0.135408564,-0.12238248,-0.054301552,-0.146748968,-0.107327724,-0.060960845,-0.173768587,-0.36187082,-0.218510737,-0.449032171,-0.413181446,-0.608744936,-0.611464695,-0.644269496,-0.906996113,-1.096953209,-1.079595964,Venezuela,saven
-1.482319839,-1.172608314,-0.93049411,-0.874626511,-0.854046135,-0.888783498,-0.748169056,-0.726920923,-0.555189377,-0.398216142,-0.298134399,-0.33979411,-0.375150515,-0.27179045,-0.260769286,-0.240476883,-0.198815921,-0.27349406,-0.24871531,-0.154881261,-0.087532464,-0.042570425,-0.030933093,0.10365645,Vietnam,asvnm
,,-1.694286386,-1.626485962,-1.485146746,-1.663390237,-1.459779115,-1.205577904,-1.128127861,-1.066897763,-1.107636454,-1.101650021,-0.969323572,-0.941631881,-1.117387254,-1.03147926,-0.893230636,-0.733990645,-0.738055085,-1.006496546,-1.327073473,-1.299529344,-1.207107538,-1.147292365,Yemen,asyem
,,,,,,-0.968644886,-1.001682972,-0.79381074,-0.782975902,-0.682257888,-0.656557582,-0.571663988,-0.684021349,-0.539472953,-0.325024892,-0.291707641,-0.349876594,-0.660379127,-0.67443894,-0.818802358,-0.778746664,-0.717045829,-0.73637036,Zambia,afzmb
-0.27863321,-0.319587543,-0.288579184,-0.393782969,-0.34238764,-0.345813647,-0.344337989,-0.325981757,-0.265127734,-0.231089301,-0.233605019,-0.38177078,-0.441425219,-0.707039512,-0.837339568,-0.781116217,-0.641375566,-0.687593682,-0.756969684,-0.782291534,-0.826598859,-0.798136741,-0.893569102,-0.782786997,Zimbabue,afzwe
